id,t,sp,unit,r_flw,f_flw,rpm_cmd,rpm_sp,sps,top,cal%,vol_uL,mass_g,pumpOn,port
2,337817,37,rpm,672,467,36.8,36.8,3925,496,0,118,0.114,1,COM7
2,337839,37,rpm,671,467,36.8,36.8,3925,496,0,118,0.115,1,COM7
2,337860,37,rpm,590,467,36.8,36.8,3925,496,0,118,0.115,1,COM7
2,337880,37,rpm,467,467,36.8,36.8,3925,496,0,118,0.115,1,COM7
2,337901,37,rpm,369,467,36.8,36.8,3925,496,0,119,0.115,1,COM7
2,337922,37,rpm,238,467,36.8,36.8,3925,496,0,119,0.115,1,COM7
2,337942,37,rpm,-390,467,36.8,36.8,3925,496,0,119,0.115,1,COM7
2,337963,37,rpm,53,467,36.8,36.8,3925,496,0,119,0.116,1,COM7
2,337984,37,rpm,392,467,36.8,36.8,3925,496,0,119,0.116,1,COM7
2,338005,37,rpm,717,467,36.8,36.8,3925,496,0,119,0.116,1,COM7
2,338025,37,rpm,795,466,36.8,36.8,3925,496,0,120,0.116,1,COM7
2,338046,37,rpm,863,466,36.8,36.8,3925,496,0,120,0.116,1,COM7
2,338067,37,rpm,766,466,36.8,36.8,3925,496,0,120,0.116,1,COM7
2,338087,37,rpm,660,466,36.8,36.8,3925,496,0,120,0.116,1,COM7
2,338108,37,rpm,566,466,36.8,36.8,3925,496,0,120,0.117,1,COM7
2,338129,37,rpm,547,466,36.8,36.8,3925,496,0,120,0.117,1,COM7
2,338150,37,rpm,421,466,36.8,36.8,3925,496,0,121,0.117,1,COM7
2,338170,37,rpm,277,466,36.8,36.8,3925,496,0,121,0.117,1,COM7
2,338191,37,rpm,-191,466,36.8,36.8,3925,496,0,121,0.117,1,COM7
2,338212,37,rpm,-122,466,36.8,36.8,3925,496,0,121,0.117,1,COM7
2,338232,37,rpm,176,466,36.8,36.8,3925,496,0,121,0.118,1,COM7
2,338253,37,rpm,607,466,36.8,36.8,3925,496,0,121,0.118,1,COM7
2,338274,37,rpm,865,466,36.8,36.8,3925,496,0,122,0.118,1,COM7
2,338294,37,rpm,948,466,36.8,36.8,3925,496,0,122,0.118,1,COM7
2,338315,37,rpm,662,466,36.8,36.8,3925,496,0,122,0.118,1,COM7
2,338336,37,rpm,707,466,36.8,36.8,3925,496,0,122,0.118,1,COM7
2,338357,37,rpm,674,466,36.8,36.8,3925,496,0,122,0.119,1,COM7
2,338377,37,rpm,516,466,36.8,36.8,3925,496,0,122,0.119,1,COM7
2,338398,37,rpm,436,466,36.8,36.8,3925,496,0,123,0.119,1,COM7
2,338419,37,rpm,359,466,36.8,36.8,3925,496,0,123,0.119,1,COM7
2,338440,37,rpm,23,466,36.8,36.8,3925,496,0,123,0.119,1,COM7
2,338460,37,rpm,-277,466,36.8,36.8,3925,496,0,123,0.119,1,COM7
2,338481,37,rpm,122,466,36.8,36.8,3925,496,0,123,0.119,1,COM7
2,338502,37,rpm,626,465,36.8,36.8,3925,496,0,123,0.12,1,COM7
2,338523,37,rpm,692,465,36.8,36.8,3925,496,0,123,0.12,1,COM7
2,338543,37,rpm,923,465,36.8,36.8,3925,496,0,124,0.12,1,COM7
2,338564,37,rpm,876,465,36.8,36.8,3925,496,0,124,0.12,1,COM7
2,338585,37,rpm,696,465,36.8,36.8,3925,496,0,124,0.12,1,COM7
2,338605,37,rpm,607,465,36.8,36.8,3925,496,0,124,0.12,1,COM7
2,338626,37,rpm,619,465,36.8,36.8,3925,496,0,124,0.121,1,COM7
2,338647,37,rpm,457,465,36.8,36.8,3925,496,0,124,0.121,1,COM7
2,338667,37,rpm,313,465,36.8,36.8,3925,496,0,125,0.121,1,COM7
2,338688,37,rpm,115,465,36.8,36.8,3925,496,0,125,0.121,1,COM7
2,338709,37,rpm,-335,465,36.8,36.8,3925,496,0,125,0.121,1,COM7
2,338730,37,rpm,93,465,36.8,36.8,3925,496,0,125,0.121,1,COM7
2,338750,37,rpm,509,465,36.8,36.8,3925,496,0,125,0.121,1,COM7
2,338771,37,rpm,753,465,36.8,36.8,3925,496,0,125,0.122,1,COM7
2,338792,37,rpm,889,465,36.8,36.8,3925,496,0,126,0.122,1,COM7
2,338812,37,rpm,757,465,36.8,36.8,3925,496,0,126,0.122,1,COM7
2,338833,37,rpm,723,465,36.8,36.8,3925,496,0,126,0.122,1,COM7
2,338854,37,rpm,690,465,36.8,36.8,3925,496,0,126,0.122,1,COM7
2,338875,37,rpm,564,465,36.8,36.8,3925,496,0,126,0.122,1,COM7
2,338895,37,rpm,468,465,36.8,36.8,3925,496,0,126,0.123,1,COM7
2,338916,37,rpm,403,465,36.8,36.8,3925,496,0,127,0.123,1,COM7
2,338937,37,rpm,240,465,36.8,36.8,3925,496,0,127,0.123,1,COM7
2,338957,37,rpm,-386,465,36.8,36.8,3925,496,0,127,0.123,1,COM7
2,338978,37,rpm,40,465,36.8,36.8,3925,496,0,127,0.123,1,COM7
2,338999,37,rpm,360,465,36.8,36.8,3925,496,0,127,0.123,1,COM7
2,339020,37,rpm,688,465,36.8,36.8,3925,496,0,127,0.124,1,COM7
2,339040,37,rpm,812,465,36.8,36.8,3925,496,0,127,0.124,1,COM7
2,339061,37,rpm,945,465,36.8,36.8,3925,496,0,128,0.124,1,COM7
2,339082,37,rpm,679,465,36.8,36.8,3925,496,0,128,0.124,1,COM7
2,339102,37,rpm,644,464,36.8,36.8,3925,496,0,128,0.124,1,COM7
2,339123,37,rpm,670,464,36.8,36.8,3925,496,0,128,0.124,1,COM7
2,339144,37,rpm,515,464,36.8,36.8,3925,496,0,128,0.124,1,COM7
2,339165,37,rpm,394,464,36.8,36.8,3925,496,0,128,0.125,1,COM7
2,339185,37,rpm,334,464,36.8,36.8,3925,496,0,129,0.125,1,COM7
2,339206,37,rpm,-78,464,36.8,36.8,3925,496,0,129,0.125,1,COM7
2,339227,37,rpm,-202,464,36.8,36.8,3925,496,0,129,0.125,1,COM7
2,339247,37,rpm,135,464,36.8,36.8,3925,496,0,129,0.125,1,COM7
2,339268,37,rpm,643,464,36.8,36.8,3925,496,0,129,0.125,1,COM7
2,339289,37,rpm,718,464,36.8,36.8,3925,496,0,129,0.126,1,COM7
2,339310,37,rpm,882,464,36.8,36.8,3925,496,0,130,0.126,1,COM7
2,339330,37,rpm,866,464,36.8,36.8,3925,496,0,130,0.126,1,COM7
2,339351,37,rpm,671,464,36.8,36.8,3925,496,0,130,0.126,1,COM7
2,339372,37,rpm,604,464,36.8,36.8,3925,496,0,130,0.126,1,COM7
2,339392,37,rpm,581,464,36.8,36.8,3925,496,0,130,0.126,1,COM7
2,339413,37,rpm,492,464,36.8,36.8,3925,496,0,130,0.126,1,COM7
2,339434,37,rpm,349,464,36.8,36.8,3925,496,0,131,0.127,1,COM7
2,339455,37,rpm,191,464,36.8,36.8,3925,496,0,131,0.127,1,COM7
2,339475,37,rpm,-410,464,36.8,36.8,3925,496,0,131,0.127,1,COM7
2,339496,37,rpm,79,464,36.8,36.8,3925,496,0,131,0.127,1,COM7
2,339517,37,rpm,429,464,36.8,36.8,3925,496,0,131,0.127,1,COM7
2,339538,37,rpm,708,464,36.8,36.8,3925,496,0,131,0.127,1,COM7
2,339558,37,rpm,906,464,36.8,36.8,3925,496,0,131,0.128,1,COM7
2,339579,37,rpm,820,464,36.8,36.8,3925,496,0,132,0.128,1,COM7
2,339600,37,rpm,653,464,36.8,36.8,3925,496,0,132,0.128,1,COM7
2,339620,37,rpm,714,464,36.8,36.8,3925,496,0,132,0.128,1,COM7
2,339641,37,rpm,611,464,36.8,36.8,3925,496,0,132,0.128,1,COM7
2,339662,37,rpm,452,464,36.8,36.8,3925,496,0,132,0.128,1,COM7
2,339683,37,rpm,425,464,36.8,36.8,3925,496,0,132,0.128,1,COM7
2,339703,37,rpm,285,464,36.8,36.8,3925,496,0,133,0.129,1,COM7
2,339724,37,rpm,-291,464,36.8,36.8,3925,496,0,133,0.129,1,COM7
2,339745,37,rpm,-36,464,36.8,36.8,3925,496,0,133,0.129,1,COM7
2,339765,37,rpm,249,464,36.8,36.8,3925,496,0,133,0.129,1,COM7
2,339786,37,rpm,656,464,36.8,36.8,3925,496,0,133,0.129,1,COM7
2,339807,37,rpm,743,464,36.8,36.8,3925,496,0,133,0.129,1,COM7
2,339828,37,rpm,982,464,36.8,36.8,3925,496,0,134,0.13,1,COM7
2,339848,37,rpm,756,464,36.8,36.8,3925,496,0,134,0.13,1,COM7
2,339869,37,rpm,611,464,36.8,36.8,3925,496,0,134,0.13,1,COM7
2,339890,37,rpm,654,464,36.8,36.8,3925,496,0,134,0.13,1,COM7
2,339910,37,rpm,580,464,36.8,36.8,3925,496,0,134,0.13,1,COM7
2,339931,37,rpm,408,464,36.8,36.8,3925,496,0,134,0.13,1,COM7
2,339952,37,rpm,318,464,36.8,36.8,3925,496,0,135,0.13,1,COM7
2,339972,37,rpm,-37,464,36.8,36.8,3925,496,0,135,0.131,1,COM7
2,339993,37,rpm,-233,464,36.8,36.8,3925,496,0,135,0.131,1,COM7
2,340014,37,rpm,120,464,36.8,36.8,3925,496,0,135,0.131,1,COM7
2,340035,37,rpm,657,464,36.8,36.8,3925,496,0,135,0.131,1,COM7
2,340055,37,rpm,804,464,36.8,36.8,3925,496,0,135,0.131,1,COM7
2,340076,37,rpm,867,464,36.8,36.8,3925,496,0,135,0.131,1,COM7
2,340097,37,rpm,827,464,36.8,36.8,3925,496,0,136,0.132,1,COM7
2,340117,37,rpm,757,464,36.8,36.8,3925,496,0,136,0.132,1,COM7
2,340138,37,rpm,629,464,36.8,36.8,3925,496,0,136,0.132,1,COM7
2,340159,37,rpm,533,464,36.8,36.8,3925,496,0,136,0.132,1,COM7
2,340180,37,rpm,447,464,36.8,36.8,3925,496,0,136,0.132,1,COM7
2,340201,37,rpm,328,464,36.8,36.8,3925,496,0,136,0.132,1,COM7
2,340221,37,rpm,-9,464,36.8,36.8,3925,496,0,137,0.133,1,COM7
2,340242,37,rpm,-288,464,36.8,36.8,3925,496,0,137,0.133,1,COM7
2,340263,37,rpm,127,464,36.8,36.8,3925,496,0,137,0.133,1,COM7
2,340283,37,rpm,593,464,36.8,36.8,3925,496,0,137,0.133,1,COM7
2,340304,37,rpm,669,464,36.8,36.8,3925,496,0,137,0.133,1,COM7
2,340325,37,rpm,984,464,36.8,36.8,3925,496,0,137,0.133,1,COM7
2,340345,37,rpm,829,464,36.8,36.8,3925,496,0,138,0.133,1,COM7
2,340366,37,rpm,593,464,36.8,36.8,3925,496,0,138,0.134,1,COM7
2,340387,37,rpm,692,464,36.8,36.8,3925,496,0,138,0.134,1,COM7
2,340408,37,rpm,631,464,36.8,36.8,3925,496,0,138,0.134,1,COM7
2,340428,37,rpm,440,464,36.8,36.8,3925,496,0,138,0.134,1,COM7
2,340449,37,rpm,362,464,36.8,36.8,3925,496,0,138,0.134,1,COM7
2,340470,37,rpm,225,464,36.8,36.8,3925,496,0,139,0.134,1,COM7
2,340490,37,rpm,-380,464,36.8,36.8,3925,496,0,139,0.135,1,COM7
2,340511,37,rpm,48,464,36.8,36.8,3925,496,0,139,0.135,1,COM7
2,340532,37,rpm,425,464,36.8,36.8,3925,496,0,139,0.135,1,COM7
2,340553,37,rpm,708,464,36.8,36.8,3925,496,0,139,0.135,1,COM7
2,340573,37,rpm,762,464,36.8,36.8,3925,496,0,139,0.135,1,COM7
2,340594,37,rpm,882,464,36.8,36.8,3925,496,0,139,0.135,1,COM7
2,340615,37,rpm,769,464,36.8,36.8,3925,496,0,140,0.135,1,COM7
2,340636,37,rpm,610,464,36.8,36.8,3925,496,0,140,0.136,1,COM7
2,340656,37,rpm,588,464,36.8,36.8,3925,496,0,140,0.136,1,COM7
2,340677,37,rpm,560,464,36.8,36.8,3925,496,0,140,0.136,1,COM7
2,340698,37,rpm,391,464,36.8,36.8,3925,496,0,140,0.136,1,COM7
2,340718,37,rpm,292,464,36.8,36.8,3925,496,0,140,0.136,1,COM7
2,340739,37,rpm,-200,464,36.8,36.8,3925,496,0,141,0.136,1,COM7
2,340760,37,rpm,-101,464,36.8,36.8,3925,496,0,141,0.137,1,COM7
2,340781,37,rpm,162,464,36.8,36.8,3925,496,0,141,0.137,1,COM7
2,340801,37,rpm,644,464,36.8,36.8,3925,496,0,141,0.137,1,COM7
2,340822,37,rpm,775,464,36.8,36.8,3925,496,0,141,0.137,1,COM7
2,340843,37,rpm,915,464,36.8,36.8,3925,496,0,141,0.137,1,COM7
2,340863,37,rpm,734,464,36.8,36.8,3925,496,0,142,0.137,1,COM7
2,340884,37,rpm,694,464,36.8,36.8,3925,496,0,142,0.137,1,COM7
2,340905,37,rpm,671,464,36.8,36.8,3925,496,0,142,0.138,1,COM7
2,340926,37,rpm,531,464,36.8,36.8,3925,496,0,142,0.138,1,COM7
2,340946,37,rpm,439,464,36.8,36.8,3925,496,0,142,0.138,1,COM7
2,340967,37,rpm,370,464,36.8,36.8,3925,496,0,142,0.138,1,COM7
2,340988,37,rpm,124,464,36.8,36.8,3925,496,0,143,0.138,1,COM7
2,341008,37,rpm,-360,464,36.8,36.8,3925,496,0,143,0.138,1,COM7
2,341029,37,rpm,95,464,36.8,36.8,3925,496,0,143,0.139,1,COM7
2,341050,37,rpm,539,464,36.8,36.8,3925,496,0,143,0.139,1,COM7
2,341071,37,rpm,617,464,36.8,36.8,3925,496,0,143,0.139,1,COM7
2,341091,37,rpm,911,464,36.8,36.8,3925,496,0,143,0.139,1,COM7
2,341112,37,rpm,973,464,36.8,36.8,3925,496,0,143,0.139,1,COM7
2,341133,37,rpm,606,464,36.8,36.8,3925,496,0,144,0.139,1,COM7
2,341153,37,rpm,615,464,36.8,36.8,3925,496,0,144,0.14,1,COM7
2,341174,37,rpm,656,464,36.8,36.8,3925,496,0,144,0.14,1,COM7
2,341195,37,rpm,486,464,36.8,36.8,3925,496,0,144,0.14,1,COM7
2,341216,37,rpm,347,464,36.8,36.8,3925,496,0,144,0.14,1,COM7
2,341236,37,rpm,286,464,36.8,36.8,3925,496,0,144,0.14,1,COM7
2,341257,37,rpm,-394,464,36.8,36.8,3925,496,0,145,0.14,1,COM7
2,341278,37,rpm,14,464,36.8,36.8,3925,496,0,145,0.14,1,COM7
2,341299,37,rpm,267,464,36.8,36.8,3925,496,0,145,0.141,1,COM7
2,341319,37,rpm,730,464,36.8,36.8,3925,496,0,145,0.141,1,COM7
2,341340,37,rpm,798,464,36.8,36.8,3925,496,0,145,0.141,1,COM7
2,341361,37,rpm,844,464,36.8,36.8,3925,496,0,145,0.141,1,COM7
2,341382,37,rpm,786,464,36.8,36.8,3925,496,0,146,0.141,1,COM7
2,341402,37,rpm,689,464,36.8,36.8,3925,496,0,146,0.141,1,COM7
2,341423,37,rpm,582,464,36.8,36.8,3925,496,0,146,0.142,1,COM7
2,341444,37,rpm,532,464,36.8,36.8,3925,496,0,146,0.142,1,COM7
2,341465,37,rpm,430,464,36.8,36.8,3925,496,0,146,0.142,1,COM7
2,341485,37,rpm,307,464,36.8,36.8,3925,496,0,146,0.142,1,COM7
2,341506,37,rpm,-188,464,36.8,36.8,3925,496,0,147,0.142,1,COM7
2,341527,37,rpm,-134,464,36.8,36.8,3925,496,0,147,0.142,1,COM7
2,341547,37,rpm,187,464,36.8,36.8,3925,496,0,147,0.142,1,COM7
2,341568,37,rpm,644,464,36.8,36.8,3925,496,0,147,0.143,1,COM7
2,341589,37,rpm,783,464,36.8,36.8,3925,496,0,147,0.143,1,COM7
2,341610,37,rpm,1029,464,36.8,36.8,3925,496,0,147,0.143,1,COM7
2,341630,37,rpm,757,464,36.8,36.8,3925,496,0,148,0.143,1,COM7
2,341651,37,rpm,622,464,36.8,36.8,3925,496,0,148,0.143,1,COM7
2,341672,37,rpm,710,464,36.8,36.8,3925,496,0,148,0.143,1,COM7
2,341692,37,rpm,559,464,36.8,36.8,3925,496,0,148,0.144,1,COM7
2,341713,37,rpm,369,464,36.8,36.8,3925,496,0,148,0.144,1,COM7
2,341734,37,rpm,324,464,36.8,36.8,3925,496,0,148,0.144,1,COM7
2,341754,37,rpm,-79,464,36.8,36.8,3925,496,0,148,0.144,1,COM7
2,341775,37,rpm,-210,464,36.8,36.8,3925,496,0,149,0.144,1,COM7
2,341796,37,rpm,138,464,36.8,36.8,3925,496,0,149,0.144,1,COM7
2,341817,37,rpm,681,464,36.8,36.8,3925,496,0,149,0.144,1,COM7
2,341837,37,rpm,692,464,36.8,36.8,3925,496,0,149,0.145,1,COM7
2,341858,37,rpm,848,464,36.8,36.8,3925,496,0,149,0.145,1,COM7
2,341879,37,rpm,876,464,36.8,36.8,3925,496,0,149,0.145,1,COM7
2,341899,37,rpm,664,464,36.8,36.8,3925,496,0,150,0.145,1,COM7
2,341920,37,rpm,609,464,36.8,36.8,3925,496,0,150,0.145,1,COM7
2,341941,37,rpm,595,464,36.8,36.8,3925,496,0,150,0.145,1,COM7
2,341962,37,rpm,493,464,36.8,36.8,3925,496,0,150,0.146,1,COM7
2,341982,37,rpm,325,464,36.8,36.8,3925,496,0,150,0.146,1,COM7
2,342003,37,rpm,192,464,36.8,36.8,3925,496,0,150,0.146,1,COM7
2,342024,37,rpm,-371,464,36.8,36.8,3925,496,0,151,0.146,1,COM7
2,342045,37,rpm,69,464,36.8,36.8,3925,496,0,151,0.146,1,COM7
2,342065,37,rpm,418,464,36.8,36.8,3925,496,0,151,0.146,1,COM7
2,342086,37,rpm,734,464,36.8,36.8,3925,496,0,151,0.146,1,COM7
2,342107,37,rpm,879,464,36.8,36.8,3925,496,0,151,0.147,1,COM7
2,342128,37,rpm,822,464,36.8,36.8,3925,496,0,151,0.147,1,COM7
2,342148,37,rpm,708,464,36.8,36.8,3925,496,0,152,0.147,1,COM7
2,342169,37,rpm,666,464,36.8,36.8,3925,496,0,152,0.147,1,COM7
2,342190,37,rpm,609,464,36.8,36.8,3925,496,0,152,0.147,1,COM7
2,342210,37,rpm,476,464,36.8,36.8,3925,496,0,152,0.147,1,COM7
2,342231,37,rpm,383,464,36.8,36.8,3925,496,0,152,0.148,1,COM7
2,342252,37,rpm,304,464,36.8,36.8,3925,496,0,152,0.148,1,COM7
2,342273,37,rpm,-306,464,36.8,36.8,3925,496,0,152,0.148,1,COM7
2,342293,37,rpm,-31,464,36.8,36.8,3925,496,0,153,0.148,1,COM7
2,342314,37,rpm,230,464,36.8,36.8,3925,496,0,153,0.148,1,COM7
2,342335,37,rpm,677,464,36.8,36.8,3925,496,0,153,0.148,1,COM7
2,342355,37,rpm,697,464,36.8,36.8,3925,496,0,153,0.149,1,COM7
2,342376,37,rpm,1000,464,36.8,36.8,3925,496,0,153,0.149,1,COM7
2,342397,37,rpm,785,464,36.8,36.8,3925,496,0,153,0.149,1,COM7
2,342418,37,rpm,567,464,36.8,36.8,3925,496,0,154,0.149,1,COM7
2,342438,37,rpm,665,464,36.8,36.8,3925,496,0,154,0.149,1,COM7
2,342459,37,rpm,590,464,36.8,36.8,3925,496,0,154,0.149,1,COM7
2,342480,37,rpm,389,464,36.8,36.8,3925,496,0,154,0.149,1,COM7
2,342500,37,rpm,332,464,36.8,36.8,3925,496,0,154,0.15,1,COM7
2,342521,37,rpm,22,464,36.8,36.8,3925,496,0,154,0.15,1,COM7
2,342542,37,rpm,-284,464,36.8,36.8,3925,496,0,155,0.15,1,COM7
2,342562,37,rpm,105,464,36.8,36.8,3925,496,0,155,0.15,1,COM7
2,342583,37,rpm,616,464,36.8,36.8,3925,496,0,155,0.15,1,COM7
2,342604,37,rpm,728,464,36.8,36.8,3925,496,0,155,0.15,1,COM7
2,342624,37,rpm,789,464,36.8,36.8,3925,496,0,155,0.151,1,COM7
2,342645,37,rpm,868,464,36.8,36.8,3925,496,0,155,0.151,1,COM7
2,342666,37,rpm,708,464,36.8,36.8,3925,496,0,156,0.151,1,COM7
2,342687,37,rpm,607,464,36.8,36.8,3925,496,0,156,0.151,1,COM7
2,342707,37,rpm,570,464,36.8,36.8,3925,496,0,156,0.151,1,COM7
2,342728,37,rpm,514,464,36.8,36.8,3925,496,0,156,0.151,1,COM7
2,342749,37,rpm,355,464,36.8,36.8,3925,496,0,156,0.151,1,COM7
2,342769,37,rpm,247,464,36.8,36.8,3925,496,0,156,0.152,1,COM7
2,342790,37,rpm,-411,464,36.8,36.8,3925,496,0,156,0.152,1,COM7
2,342811,37,rpm,51,464,36.8,36.8,3925,496,0,157,0.152,1,COM7
2,342832,37,rpm,311,464,36.8,36.8,3925,496,0,157,0.152,1,COM7
2,342852,37,rpm,701,464,36.8,36.8,3925,496,0,157,0.152,1,COM7
2,342873,37,rpm,879,464,36.8,36.8,3925,496,0,157,0.152,1,COM7
2,342894,37,rpm,904,464,36.8,36.8,3925,496,0,157,0.153,1,COM7
2,342914,37,rpm,668,464,36.8,36.8,3925,496,0,157,0.153,1,COM7
2,342935,37,rpm,644,464,36.8,36.8,3925,496,0,158,0.153,1,COM7
2,342956,37,rpm,654,464,36.8,36.8,3925,496,0,158,0.153,1,COM7
2,342976,37,rpm,505,464,36.8,36.8,3925,496,0,158,0.153,1,COM7
2,342997,37,rpm,377,464,36.8,36.8,3925,496,0,158,0.153,1,COM7
2,343018,37,rpm,332,464,36.8,36.8,3925,496,0,158,0.153,1,COM7
2,343039,37,rpm,-281,464,36.8,36.8,3925,496,0,158,0.154,1,COM7
2,343059,37,rpm,-58,464,36.8,36.8,3925,496,0,159,0.154,1,COM7
2,343080,37,rpm,230,464,36.8,36.8,3925,496,0,159,0.154,1,COM7
2,343101,37,rpm,749,464,36.8,36.8,3925,496,0,159,0.154,1,COM7
2,343122,37,rpm,697,464,36.8,36.8,3925,496,0,159,0.154,1,COM7
2,343142,37,rpm,973,464,36.8,36.8,3925,496,0,159,0.154,1,COM7
2,343163,37,rpm,843,464,36.8,36.8,3925,496,0,159,0.155,1,COM7
2,343184,37,rpm,625,464,36.8,36.8,3925,496,0,160,0.155,1,COM7
2,343204,37,rpm,599,464,36.8,36.8,3925,496,0,160,0.155,1,COM7
2,343225,37,rpm,579,464,36.8,36.8,3925,496,0,160,0.155,1,COM7
2,343246,37,rpm,395,464,36.8,36.8,3925,496,0,160,0.155,1,COM7
2,343267,37,rpm,270,464,36.8,36.8,3925,496,0,160,0.155,1,COM7
2,343287,37,rpm,-157,464,36.8,36.8,3925,496,0,160,0.156,1,COM7
2,343308,37,rpm,-120,464,36.8,36.8,3925,496,0,160,0.156,1,COM7
2,343329,37,rpm,167,464,36.8,36.8,3925,496,0,161,0.156,1,COM7
2,343350,37,rpm,692,464,36.8,36.8,3925,496,0,161,0.156,1,COM7
2,343370,37,rpm,781,464,36.8,36.8,3925,496,0,161,0.156,1,COM7
2,343391,37,rpm,874,464,36.8,36.8,3925,496,0,161,0.156,1,COM7
2,343412,37,rpm,752,464,36.8,36.8,3925,496,0,161,0.156,1,COM7
2,343432,37,rpm,678,464,36.8,36.8,3925,496,0,161,0.157,1,COM7
2,343453,37,rpm,625,464,36.8,36.8,3925,496,0,162,0.157,1,COM7
2,343474,37,rpm,533,464,36.8,36.8,3925,496,0,162,0.157,1,COM7
2,343494,37,rpm,452,464,36.8,36.8,3925,496,0,162,0.157,1,COM7
2,343515,37,rpm,345,464,36.8,36.8,3925,496,0,162,0.157,1,COM7
2,343536,37,rpm,80,464,36.8,36.8,3925,496,0,162,0.157,1,COM7
2,343557,37,rpm,-310,464,36.8,36.8,3925,496,0,162,0.158,1,COM7
2,343577,37,rpm,98,464,36.8,36.8,3925,496,0,163,0.158,1,COM7
2,343598,37,rpm,566,464,36.8,36.8,3925,496,0,163,0.158,1,COM7
2,343619,37,rpm,660,464,36.8,36.8,3925,496,0,163,0.158,1,COM7
2,343639,37,rpm,867,464,36.8,36.8,3925,496,0,163,0.158,1,COM7
2,343660,37,rpm,885,464,36.8,36.8,3925,496,0,163,0.158,1,COM7
2,343681,37,rpm,663,464,36.8,36.8,3925,496,0,163,0.158,1,COM7
2,343701,37,rpm,583,464,36.8,36.8,3925,496,0,164,0.159,1,COM7
2,343722,37,rpm,653,464,36.8,36.8,3925,496,0,164,0.159,1,COM7
2,343743,37,rpm,498,464,36.8,36.8,3925,496,0,164,0.159,1,COM7
2,343764,37,rpm,335,464,36.8,36.8,3925,496,0,164,0.159,1,COM7
2,343784,37,rpm,304,464,36.8,36.8,3925,496,0,164,0.159,1,COM7
2,343805,37,rpm,-380,464,36.8,36.8,3925,496,0,164,0.159,1,COM7
2,343826,37,rpm,18,464,36.8,36.8,3925,496,0,164,0.16,1,COM7
2,343846,37,rpm,276,464,36.8,36.8,3925,496,0,165,0.16,1,COM7
2,343867,37,rpm,734,464,36.8,36.8,3925,496,0,165,0.16,1,COM7
2,343888,37,rpm,760,464,36.8,36.8,3925,496,0,165,0.16,1,COM7
2,343909,37,rpm,888,464,36.8,36.8,3925,496,0,165,0.16,1,COM7
2,343929,37,rpm,827,464,36.8,36.8,3925,496,0,165,0.16,1,COM7
2,343950,37,rpm,605,464,36.8,36.8,3925,496,0,165,0.16,1,COM7
2,343971,37,rpm,586,464,36.8,36.8,3925,496,0,166,0.161,1,COM7
2,343991,37,rpm,584,464,36.8,36.8,3925,496,0,166,0.161,1,COM7
2,344012,37,rpm,420,464,36.8,36.8,3925,496,0,166,0.161,1,COM7
2,344033,37,rpm,309,464,36.8,36.8,3925,496,0,166,0.161,1,COM7
2,344054,37,rpm,-66,464,36.8,36.8,3925,496,0,166,0.161,1,COM7
2,344074,37,rpm,-225,464,36.8,36.8,3925,496,0,166,0.161,1,COM7
2,344095,37,rpm,132,464,36.8,36.8,3925,496,0,167,0.162,1,COM7
2,344116,37,rpm,628,464,36.8,36.8,3925,496,0,167,0.162,1,COM7
2,344136,37,rpm,770,464,36.8,36.8,3925,496,0,167,0.162,1,COM7
2,344157,37,rpm,863,464,36.8,36.8,3925,496,0,167,0.162,1,COM7
2,344178,37,rpm,785,464,36.8,36.8,3925,496,0,167,0.162,1,COM7
2,344199,37,rpm,692,464,36.8,36.8,3925,496,0,167,0.162,1,COM7
2,344219,37,rpm,656,464,36.8,36.8,3925,496,0,168,0.163,1,COM7
2,344240,37,rpm,568,464,36.8,36.8,3925,496,0,168,0.163,1,COM7
2,344261,37,rpm,455,464,36.8,36.8,3925,496,0,168,0.163,1,COM7
2,344281,37,rpm,359,464,36.8,36.8,3925,496,0,168,0.163,1,COM7
2,344302,37,rpm,227,464,36.8,36.8,3925,496,0,168,0.163,1,COM7
2,344323,37,rpm,-418,464,36.8,36.8,3925,496,0,168,0.163,1,COM7
2,344344,37,rpm,68,464,36.8,36.8,3925,496,0,169,0.163,1,COM7
2,344364,37,rpm,429,464,36.8,36.8,3925,496,0,169,0.164,1,COM7
2,344385,37,rpm,675,464,36.8,36.8,3925,496,0,169,0.164,1,COM7
2,344406,37,rpm,785,464,36.8,36.8,3925,496,0,169,0.164,1,COM7
2,344427,37,rpm,961,464,36.8,36.8,3925,496,0,169,0.164,1,COM7
2,344447,37,rpm,726,464,36.8,36.8,3925,496,0,169,0.164,1,COM7
2,344468,37,rpm,559,464,36.8,36.8,3925,496,0,169,0.164,1,COM7
2,344489,37,rpm,659,464,36.8,36.8,3925,496,0,170,0.165,1,COM7
2,344509,37,rpm,541,464,36.8,36.8,3925,496,0,170,0.165,1,COM7
2,344530,37,rpm,345,464,36.8,36.8,3925,496,0,170,0.165,1,COM7
2,344551,37,rpm,295,464,36.8,36.8,3925,496,0,170,0.165,1,COM7
2,344572,37,rpm,-341,464,36.8,36.8,3925,496,0,170,0.165,1,COM7
2,344592,37,rpm,-2,464,36.8,36.8,3925,496,0,170,0.165,1,COM7
2,344613,37,rpm,228,464,36.8,36.8,3925,496,0,171,0.165,1,COM7
2,344634,37,rpm,772,464,36.8,36.8,3925,496,0,171,0.166,1,COM7
2,344654,37,rpm,873,464,36.8,36.8,3925,496,0,171,0.166,1,COM7
2,344675,37,rpm,819,464,36.8,36.8,3925,496,0,171,0.166,1,COM7
2,344696,37,rpm,817,464,36.8,36.8,3925,496,0,171,0.166,1,COM7
2,344717,37,rpm,707,464,36.8,36.8,3925,496,0,171,0.166,1,COM7
2,344737,37,rpm,582,464,36.8,36.8,3925,496,0,172,0.166,1,COM7
2,344758,37,rpm,511,464,36.8,36.8,3925,496,0,172,0.167,1,COM7
2,344779,37,rpm,414,464,36.8,36.8,3925,496,0,172,0.167,1,COM7
2,344799,37,rpm,270,464,36.8,36.8,3925,496,0,172,0.167,1,COM7
2,344820,37,rpm,-285,464,36.8,36.8,3925,496,0,172,0.167,1,COM7
2,344841,37,rpm,-41,464,36.8,36.8,3925,496,0,172,0.167,1,COM7
2,344861,37,rpm,223,464,36.8,36.8,3925,496,0,173,0.167,1,COM7
2,344882,37,rpm,654,464,36.8,36.8,3925,496,0,173,0.167,1,COM7
2,344903,37,rpm,773,464,36.8,36.8,3925,496,0,173,0.168,1,COM7
2,344923,37,rpm,929,464,36.8,36.8,3925,496,0,173,0.168,1,COM7
2,344944,37,rpm,774,464,36.8,36.8,3925,496,0,173,0.168,1,COM7
2,344965,37,rpm,611,464,36.8,36.8,3925,496,0,173,0.168,1,COM7
2,344986,37,rpm,646,464,36.8,36.8,3925,496,0,173,0.168,1,COM7
2,345006,37,rpm,581,464,36.8,36.8,3925,496,0,174,0.168,1,COM7
2,345027,37,rpm,406,464,36.8,36.8,3925,496,0,174,0.169,1,COM7
2,345048,37,rpm,325,464,36.8,36.8,3925,496,0,174,0.169,1,COM7
2,345068,37,rpm,10,464,36.8,36.8,3925,496,0,174,0.169,1,COM7
2,345089,37,rpm,-266,464,36.8,36.8,3925,496,0,174,0.169,1,COM7
2,345110,37,rpm,102,464,36.8,36.8,3925,496,0,174,0.169,1,COM7
2,345131,37,rpm,627,464,36.8,36.8,3925,496,0,175,0.169,1,COM7
2,345151,37,rpm,747,464,36.8,36.8,3925,496,0,175,0.17,1,COM7
2,345172,37,rpm,746,464,36.8,36.8,3925,496,0,175,0.17,1,COM7
2,345193,37,rpm,914,464,36.8,36.8,3925,496,0,175,0.17,1,COM7
2,345213,37,rpm,721,464,36.8,36.8,3925,496,0,175,0.17,1,COM7
2,345234,37,rpm,594,464,36.8,36.8,3925,496,0,175,0.17,1,COM7
2,345255,37,rpm,585,464,36.8,36.8,3925,496,0,176,0.17,1,COM7
2,345275,37,rpm,528,464,36.8,36.8,3925,496,0,176,0.17,1,COM7
2,345296,37,rpm,322,464,36.8,36.8,3925,496,0,176,0.171,1,COM7
2,345317,37,rpm,268,464,36.8,36.8,3925,496,0,176,0.171,1,COM7
2,345338,37,rpm,-399,464,36.8,36.8,3925,496,0,176,0.171,1,COM7
2,345358,37,rpm,39,464,36.8,36.8,3925,496,0,176,0.171,1,COM7
2,345379,37,rpm,300,464,36.8,36.8,3925,496,0,177,0.171,1,COM7
2,345400,37,rpm,743,464,36.8,36.8,3925,496,0,177,0.171,1,COM7
2,345420,37,rpm,814,464,36.8,36.8,3925,496,0,177,0.172,1,COM7
2,345441,37,rpm,823,464,36.8,36.8,3925,496,0,177,0.172,1,COM7
2,345462,37,rpm,795,464,36.8,36.8,3925,496,0,177,0.172,1,COM7
2,345483,37,rpm,673,464,36.8,36.8,3925,496,0,177,0.172,1,COM7
2,345503,37,rpm,579,464,36.8,36.8,3925,496,0,177,0.172,1,COM7
2,345524,37,rpm,524,464,36.8,36.8,3925,496,0,178,0.172,1,COM7
2,345545,37,rpm,426,464,36.8,36.8,3925,496,0,178,0.172,1,COM7
2,345565,37,rpm,315,464,36.8,36.8,3925,496,0,178,0.173,1,COM7
2,345586,37,rpm,-131,464,36.8,36.8,3925,496,0,178,0.173,1,COM7
2,345607,37,rpm,-184,463,36.8,36.8,3925,496,0,178,0.173,1,COM7
2,345627,37,rpm,168,463,36.8,36.8,3925,496,0,178,0.173,1,COM7
2,345648,37,rpm,644,463,36.8,36.8,3925,496,0,179,0.173,1,COM7
2,345669,37,rpm,723,463,36.8,36.8,3925,496,0,179,0.173,1,COM7
2,345690,37,rpm,902,463,36.8,36.8,3925,496,0,179,0.174,1,COM7
2,345710,37,rpm,851,463,36.8,36.8,3925,496,0,179,0.174,1,COM7
2,345731,37,rpm,615,463,36.8,36.8,3925,496,0,179,0.174,1,COM7
2,345752,37,rpm,625,463,36.8,36.8,3925,496,0,179,0.174,1,COM7
2,345773,37,rpm,621,463,36.8,36.8,3925,496,0,180,0.174,1,COM7
2,345793,37,rpm,447,463,36.8,36.8,3925,496,0,180,0.174,1,COM7
2,345814,37,rpm,316,463,36.8,36.8,3925,496,0,180,0.174,1,COM7
2,345835,37,rpm,204,463,36.8,36.8,3925,496,0,180,0.175,1,COM7
2,345855,37,rpm,-438,463,36.8,36.8,3925,496,0,180,0.175,1,COM7
2,345876,37,rpm,73,463,36.8,36.8,3925,496,0,180,0.175,1,COM7
2,345897,37,rpm,466,463,36.8,36.8,3925,496,0,181,0.175,1,COM7
2,345917,37,rpm,745,463,36.8,36.8,3925,496,0,181,0.175,1,COM7
2,345938,37,rpm,743,463,36.8,36.8,3925,496,0,181,0.175,1,COM7
2,345959,37,rpm,902,463,36.8,36.8,3925,496,0,181,0.176,1,COM7
2,345979,37,rpm,797,463,36.8,36.8,3925,496,0,181,0.176,1,COM7
2,346000,37,rpm,569,463,36.8,36.8,3925,496,0,181,0.176,1,COM7
2,346021,37,rpm,558,463,36.8,36.8,3925,496,0,181,0.176,1,COM7
2,346042,37,rpm,560,463,36.8,36.8,3925,496,0,182,0.176,1,COM7
2,346062,37,rpm,363,463,36.8,36.8,3925,496,0,182,0.176,1,COM7
2,346083,37,rpm,262,463,36.8,36.8,3925,496,0,182,0.176,1,COM7
2,346104,37,rpm,-393,463,36.8,36.8,3925,496,0,182,0.177,1,COM7
2,346124,37,rpm,35,463,36.8,36.8,3925,496,0,182,0.177,1,COM7
2,346145,37,rpm,293,463,36.8,36.8,3925,496,0,182,0.177,1,COM7
2,346166,37,rpm,723,463,36.8,36.8,3925,496,0,183,0.177,1,COM7
2,346187,37,rpm,925,463,36.8,36.8,3925,496,0,183,0.177,1,COM7
2,346207,37,rpm,859,463,36.8,36.8,3925,496,0,183,0.177,1,COM7
2,346228,37,rpm,711,463,36.8,36.8,3925,496,0,183,0.178,1,COM7
2,346249,37,rpm,703,463,36.8,36.8,3925,496,0,183,0.178,1,COM7
2,346270,37,rpm,634,463,36.8,36.8,3925,496,0,183,0.178,1,COM7
2,346290,37,rpm,489,463,36.8,36.8,3925,496,0,184,0.178,1,COM7
2,346311,37,rpm,366,463,36.8,36.8,3925,496,0,184,0.178,1,COM7
2,346332,37,rpm,287,463,36.8,36.8,3925,496,0,184,0.178,1,COM7
2,346352,37,rpm,-347,463,36.8,36.8,3925,496,0,184,0.178,1,COM7
2,346373,37,rpm,-1,463,36.8,36.8,3925,496,0,184,0.179,1,COM7
2,346394,37,rpm,254,463,36.8,36.8,3925,496,0,184,0.179,1,COM7
2,346415,37,rpm,742,463,36.8,36.8,3925,496,0,185,0.179,1,COM7
2,346435,37,rpm,722,463,36.8,36.8,3925,496,0,185,0.179,1,COM7
2,346456,37,rpm,878,463,36.8,36.8,3925,496,0,185,0.179,1,COM7
2,346477,37,rpm,856,463,36.8,36.8,3925,496,0,185,0.179,1,COM7
2,346498,37,rpm,615,463,36.8,36.8,3925,496,0,185,0.18,1,COM7
2,346518,37,rpm,593,463,36.8,36.8,3925,496,0,185,0.18,1,COM7
2,346539,37,rpm,585,463,36.8,36.8,3925,496,0,185,0.18,1,COM7
2,346560,37,rpm,433,463,36.8,36.8,3925,496,0,186,0.18,1,COM7
2,346580,37,rpm,271,463,36.8,36.8,3925,496,0,186,0.18,1,COM7
2,346601,37,rpm,-24,463,36.8,36.8,3925,496,0,186,0.18,1,COM7
2,346622,37,rpm,-240,463,36.8,36.8,3925,496,0,186,0.181,1,COM7
2,346643,37,rpm,109,463,36.8,36.8,3925,496,0,186,0.181,1,COM7
2,346663,37,rpm,590,463,36.8,36.8,3925,496,0,186,0.181,1,COM7
2,346684,37,rpm,785,463,36.8,36.8,3925,496,0,187,0.181,1,COM7
2,346705,37,rpm,852,463,36.8,36.8,3925,496,0,187,0.181,1,COM7
2,346725,37,rpm,786,463,36.8,36.8,3925,496,0,187,0.181,1,COM7
2,346746,37,rpm,736,463,36.8,36.8,3925,496,0,187,0.181,1,COM7
2,346767,37,rpm,638,463,36.8,36.8,3925,496,0,187,0.182,1,COM7
2,346788,37,rpm,532,463,36.8,36.8,3925,496,0,187,0.182,1,COM7
2,346808,37,rpm,489,463,36.8,36.8,3925,496,0,188,0.182,1,COM7
2,346829,37,rpm,356,463,36.8,36.8,3925,496,0,188,0.182,1,COM7
2,346850,37,rpm,224,463,36.8,36.8,3925,496,0,188,0.182,1,COM7
2,346870,37,rpm,-412,463,36.8,36.8,3925,496,0,188,0.182,1,COM7
2,346891,37,rpm,63,463,36.8,36.8,3925,496,0,188,0.183,1,COM7
2,346912,37,rpm,383,463,36.8,36.8,3925,496,0,188,0.183,1,COM7
2,346933,37,rpm,721,463,36.8,36.8,3925,496,0,189,0.183,1,COM7
2,346953,37,rpm,797,463,36.8,36.8,3925,496,0,189,0.183,1,COM7
2,346974,37,rpm,906,463,36.8,36.8,3925,496,0,189,0.183,1,COM7
2,346995,37,rpm,705,463,36.8,36.8,3925,496,0,189,0.183,1,COM7
2,347016,37,rpm,627,463,36.8,36.8,3925,496,0,189,0.183,1,COM7
2,347036,37,rpm,625,463,36.8,36.8,3925,496,0,189,0.184,1,COM7
2,347057,37,rpm,534,463,36.8,36.8,3925,496,0,189,0.184,1,COM7
2,347078,37,rpm,357,463,36.8,36.8,3925,496,0,190,0.184,1,COM7
2,347098,37,rpm,326,463,36.8,36.8,3925,496,0,190,0.184,1,COM7
2,347119,37,rpm,-255,463,36.8,36.8,3925,496,0,190,0.184,1,COM7
2,347140,37,rpm,-81,463,36.8,36.8,3925,496,0,190,0.184,1,COM7
2,347160,37,rpm,191,463,36.8,36.8,3925,496,0,190,0.185,1,COM7
2,347181,37,rpm,732,463,36.8,36.8,3925,496,0,190,0.185,1,COM7
2,347202,37,rpm,746,463,36.8,36.8,3925,496,0,191,0.185,1,COM7
2,347223,37,rpm,826,463,36.8,36.8,3925,496,0,191,0.185,1,COM7
2,347243,37,rpm,840,463,36.8,36.8,3925,496,0,191,0.185,1,COM7
2,347264,37,rpm,667,463,36.8,36.8,3925,496,0,191,0.185,1,COM7
2,347285,37,rpm,536,463,36.8,36.8,3925,496,0,191,0.185,1,COM7
2,347305,37,rpm,586,463,36.8,36.8,3925,496,0,191,0.186,1,COM7
2,347326,37,rpm,479,463,36.8,36.8,3925,496,0,192,0.186,1,COM7
2,347347,37,rpm,293,463,36.8,36.8,3925,496,0,192,0.186,1,COM7
2,347368,37,rpm,133,463,36.8,36.8,3925,496,0,192,0.186,1,COM7
2,347388,37,rpm,-366,463,36.8,36.8,3925,496,0,192,0.186,1,COM7
2,347409,37,rpm,99,463,36.8,36.8,3925,496,0,192,0.186,1,COM7
2,347430,37,rpm,481,462,36.8,36.8,3925,496,0,192,0.187,1,COM7
2,347451,37,rpm,786,462,36.8,36.8,3925,496,0,192,0.187,1,COM7
2,347471,37,rpm,865,462,36.8,36.8,3925,496,0,193,0.187,1,COM7
2,347492,37,rpm,825,462,36.8,36.8,3925,496,0,193,0.187,1,COM7
2,347513,37,rpm,706,462,36.8,36.8,3925,496,0,193,0.187,1,COM7
2,347533,37,rpm,658,462,36.8,36.8,3925,496,0,193,0.187,1,COM7
2,347554,37,rpm,577,462,36.8,36.8,3925,496,0,193,0.187,1,COM7
2,347575,37,rpm,463,462,36.8,36.8,3925,496,0,193,0.188,1,COM7
2,347595,37,rpm,395,462,36.8,36.8,3925,496,0,194,0.188,1,COM7
2,347616,37,rpm,236,462,36.8,36.8,3925,496,0,194,0.188,1,COM7
2,347637,37,rpm,-397,462,36.8,36.8,3925,496,0,194,0.188,1,COM7
2,347658,37,rpm,62,462,36.8,36.8,3925,496,0,194,0.188,1,COM7
2,347678,37,rpm,406,462,36.8,36.8,3925,496,0,194,0.188,1,COM7
2,347699,37,rpm,710,462,36.8,36.8,3925,496,0,194,0.189,1,COM7
2,347720,37,rpm,796,462,36.8,36.8,3925,496,0,195,0.189,1,COM7
2,347740,37,rpm,952,462,36.8,36.8,3925,496,0,195,0.189,1,COM7
2,347761,37,rpm,755,462,36.8,36.8,3925,496,0,195,0.189,1,COM7
2,347782,37,rpm,602,462,36.8,36.8,3925,496,0,195,0.189,1,COM7
2,347803,37,rpm,619,462,36.8,36.8,3925,496,0,195,0.189,1,COM7
2,347823,37,rpm,530,462,36.8,36.8,3925,496,0,195,0.19,1,COM7
2,347844,37,rpm,350,462,36.8,36.8,3925,496,0,196,0.19,1,COM7
2,347865,37,rpm,241,462,36.8,36.8,3925,496,0,196,0.19,1,COM7
2,347885,37,rpm,-376,462,36.8,36.8,3925,496,0,196,0.19,1,COM7
2,347906,37,rpm,44,462,36.8,36.8,3925,496,0,196,0.19,1,COM7
2,347927,37,rpm,285,462,36.8,36.8,3925,496,0,196,0.19,1,COM7
2,347948,37,rpm,771,462,36.8,36.8,3925,496,0,196,0.19,1,COM7
2,347968,37,rpm,871,462,36.8,36.8,3925,496,0,196,0.191,1,COM7
2,347989,37,rpm,795,462,36.8,36.8,3925,496,0,197,0.191,1,COM7
2,348010,37,rpm,757,462,36.8,36.8,3925,496,0,197,0.191,1,COM7
2,348030,37,rpm,695,462,36.8,36.8,3925,496,0,197,0.191,1,COM7
2,348051,37,rpm,556,462,36.8,36.8,3925,496,0,197,0.191,1,COM7
2,348072,37,rpm,520,462,36.8,36.8,3925,496,0,197,0.191,1,COM7
2,348092,37,rpm,439,462,36.8,36.8,3925,496,0,197,0.192,1,COM7
2,348113,37,rpm,281,462,36.8,36.8,3925,496,0,198,0.192,1,COM7
2,348134,37,rpm,-99,462,36.8,36.8,3925,496,0,198,0.192,1,COM7
2,348155,37,rpm,-200,462,36.8,36.8,3925,496,0,198,0.192,1,COM7
2,348175,37,rpm,161,462,36.8,36.8,3925,496,0,198,0.192,1,COM7
2,348196,37,rpm,621,462,36.8,36.8,3925,496,0,198,0.192,1,COM7
2,348217,37,rpm,751,462,36.8,36.8,3925,496,0,198,0.192,1,COM7
2,348238,37,rpm,938,462,36.8,36.8,3925,496,0,199,0.193,1,COM7
2,348258,37,rpm,765,462,36.8,36.8,3925,496,0,199,0.193,1,COM7
2,348279,37,rpm,649,462,36.8,36.8,3925,496,0,199,0.193,1,COM7
2,348300,37,rpm,651,462,36.8,36.8,3925,496,0,199,0.193,1,COM7
2,348320,37,rpm,569,462,36.8,36.8,3925,496,0,199,0.193,1,COM7
2,348341,37,rpm,439,462,36.8,36.8,3925,496,0,199,0.193,1,COM7
2,348362,37,rpm,343,462,36.8,36.8,3925,496,0,200,0.194,1,COM7
2,348382,37,rpm,205,462,36.8,36.8,3925,496,0,200,0.194,1,COM7
2,348403,37,rpm,-394,462,36.8,36.8,3925,496,0,200,0.194,1,COM7
2,348424,37,rpm,67,462,36.8,36.8,3925,496,0,200,0.194,1,COM7
2,348445,37,rpm,444,462,36.8,36.8,3925,496,0,200,0.194,1,COM7
2,348465,37,rpm,710,462,36.8,36.8,3925,496,0,200,0.194,1,COM7
2,348486,37,rpm,777,462,36.8,36.8,3925,496,0,200,0.194,1,COM7
2,348507,37,rpm,889,462,36.8,36.8,3925,496,0,201,0.195,1,COM7
2,348528,37,rpm,773,462,36.8,36.8,3925,496,0,201,0.195,1,COM7
2,348548,37,rpm,599,462,36.8,36.8,3925,496,0,201,0.195,1,COM7
2,348569,37,rpm,573,462,36.8,36.8,3925,496,0,201,0.195,1,COM7
2,348590,37,rpm,571,462,36.8,36.8,3925,496,0,201,0.195,1,COM7
2,348610,37,rpm,378,462,36.8,36.8,3925,496,0,201,0.195,1,COM7
2,348631,37,rpm,262,462,36.8,36.8,3925,496,0,202,0.196,1,COM7
2,348652,37,rpm,-329,462,36.8,36.8,3925,496,0,202,0.196,1,COM7
2,348673,37,rpm,-8,462,36.8,36.8,3925,496,0,202,0.196,1,COM7
2,348693,37,rpm,210,462,36.8,36.8,3925,496,0,202,0.196,1,COM7
2,348714,37,rpm,723,462,36.8,36.8,3925,496,0,202,0.196,1,COM7
2,348735,37,rpm,853,462,36.8,36.8,3925,496,0,202,0.196,1,COM7
2,348756,37,rpm,796,462,36.8,36.8,3925,496,0,203,0.196,1,COM7
2,348776,37,rpm,728,462,36.8,36.8,3925,496,0,203,0.197,1,COM7
2,348797,37,rpm,711,462,36.8,36.8,3925,496,0,203,0.197,1,COM7
2,348818,37,rpm,614,462,36.8,36.8,3925,496,0,203,0.197,1,COM7
2,348839,37,rpm,508,462,36.8,36.8,3925,496,0,203,0.197,1,COM7
2,348859,37,rpm,450,462,36.8,36.8,3925,496,0,203,0.197,1,COM7
2,348880,37,rpm,320,462,36.8,36.8,3925,496,0,204,0.197,1,COM7
2,348901,37,rpm,-7,462,36.8,36.8,3925,496,0,204,0.198,1,COM7
2,348922,37,rpm,-284,462,36.8,36.8,3925,496,0,204,0.198,1,COM7
2,348942,37,rpm,129,462,36.8,36.8,3925,496,0,204,0.198,1,COM7
2,348963,37,rpm,596,462,36.8,36.8,3925,496,0,204,0.198,1,COM7
2,348984,37,rpm,706,462,36.8,36.8,3925,496,0,204,0.198,1,COM7
2,349005,37,rpm,902,462,36.8,36.8,3925,496,0,204,0.198,1,COM7
2,349025,37,rpm,839,462,36.8,36.8,3925,496,0,205,0.198,1,COM7
2,349046,37,rpm,674,462,36.8,36.8,3925,496,0,205,0.199,1,COM7
2,349067,37,rpm,594,462,36.8,36.8,3925,496,0,205,0.199,1,COM7
2,349087,37,rpm,610,462,36.8,36.8,3925,496,0,205,0.199,1,COM7
2,349108,37,rpm,488,462,36.8,36.8,3925,496,0,205,0.199,1,COM7
2,349129,37,rpm,321,462,36.8,36.8,3925,496,0,205,0.199,1,COM7
2,349150,37,rpm,205,462,36.8,36.8,3925,496,0,206,0.199,1,COM7
2,349170,37,rpm,-405,462,36.8,36.8,3925,496,0,206,0.2,1,COM7
2,349191,37,rpm,77,462,36.8,36.8,3925,496,0,206,0.2,1,COM7
2,349212,37,rpm,416,462,36.8,36.8,3925,496,0,206,0.2,1,COM7
2,349233,37,rpm,801,462,36.8,36.8,3925,496,0,206,0.2,1,COM7
2,349253,37,rpm,930,462,36.8,36.8,3925,496,0,206,0.2,1,COM7
2,349274,37,rpm,736,462,36.8,36.8,3925,496,0,207,0.2,1,COM7
2,349295,37,rpm,815,462,36.8,36.8,3925,496,0,207,0.2,1,COM7
2,349316,37,rpm,677,462,36.8,36.8,3925,496,0,207,0.201,1,COM7
2,349336,37,rpm,546,462,36.8,36.8,3925,496,0,207,0.201,1,COM7
2,349357,37,rpm,483,462,36.8,36.8,3925,496,0,207,0.201,1,COM7
2,349378,37,rpm,378,462,36.8,36.8,3925,496,0,207,0.201,1,COM7
2,349398,37,rpm,194,462,36.8,36.8,3925,496,0,207,0.201,1,COM7
2,349419,37,rpm,-389,462,36.8,36.8,3925,496,0,208,0.201,1,COM7
2,349440,37,rpm,71,462,36.8,36.8,3925,496,0,208,0.202,1,COM7
2,349461,37,rpm,425,462,36.8,36.8,3925,496,0,208,0.202,1,COM7
2,349481,37,rpm,660,462,36.8,36.8,3925,496,0,208,0.202,1,COM7
2,349502,37,rpm,876,462,36.8,36.8,3925,496,0,208,0.202,1,COM7
2,349523,37,rpm,855,462,36.8,36.8,3925,496,0,208,0.202,1,COM7
2,349543,37,rpm,678,462,36.8,36.8,3925,496,0,209,0.202,1,COM7
2,349564,37,rpm,633,462,36.8,36.8,3925,496,0,209,0.203,1,COM7
2,349585,37,rpm,631,462,36.8,36.8,3925,496,0,209,0.203,1,COM7
2,349606,37,rpm,525,462,36.8,36.8,3925,496,0,209,0.203,1,COM7
2,349626,37,rpm,369,462,36.8,36.8,3925,496,0,209,0.203,1,COM7
2,349647,37,rpm,286,462,36.8,36.8,3925,496,0,209,0.203,1,COM7
2,349668,37,rpm,-297,462,36.8,36.8,3925,496,0,210,0.203,1,COM7
2,349688,37,rpm,-35,462,36.8,36.8,3925,496,0,210,0.203,1,COM7
2,349709,37,rpm,217,462,36.8,36.8,3925,496,0,210,0.204,1,COM7
2,349730,37,rpm,715,462,36.8,36.8,3925,496,0,210,0.204,1,COM7
2,349751,37,rpm,773,462,36.8,36.8,3925,496,0,210,0.204,1,COM7
2,349771,37,rpm,753,462,36.8,36.8,3925,496,0,210,0.204,1,COM7
2,349792,37,rpm,860,462,36.8,36.8,3925,496,0,211,0.204,1,COM7
2,349813,37,rpm,691,462,36.8,36.8,3925,496,0,211,0.204,1,COM7
2,349833,37,rpm,574,462,36.8,36.8,3925,496,0,211,0.205,1,COM7
2,349854,37,rpm,537,462,36.8,36.8,3925,496,0,211,0.205,1,COM7
2,349875,37,rpm,470,462,36.8,36.8,3925,496,0,211,0.205,1,COM7
2,349896,37,rpm,315,462,36.8,36.8,3925,496,0,211,0.205,1,COM7
2,349916,37,rpm,88,462,36.8,36.8,3925,496,0,211,0.205,1,COM7
2,349937,37,rpm,-337,462,36.8,36.8,3925,496,0,212,0.205,1,COM7
2,349958,37,rpm,105,462,36.8,36.8,3925,496,0,212,0.205,1,COM7
2,349978,37,rpm,478,462,36.8,36.8,3925,496,0,212,0.206,1,COM7
2,349999,37,rpm,769,462,36.8,36.8,3925,496,0,212,0.206,1,COM7
2,350020,37,rpm,918,462,36.8,36.8,3925,496,0,212,0.206,1,COM7
2,350041,37,rpm,716,462,36.8,36.8,3925,496,0,212,0.206,1,COM7
2,350061,37,rpm,729,461,36.8,36.8,3925,496,0,213,0.206,1,COM7
2,350082,37,rpm,687,461,36.8,36.8,3925,496,0,213,0.206,1,COM7
2,350103,37,rpm,540,461,36.8,36.8,3925,496,0,213,0.207,1,COM7
2,350124,37,rpm,482,461,36.8,36.8,3925,496,0,213,0.207,1,COM7
2,350144,37,rpm,392,461,36.8,36.8,3925,496,0,213,0.207,1,COM7
2,350165,37,rpm,247,461,36.8,36.8,3925,496,0,213,0.207,1,COM7
2,350186,37,rpm,-404,461,36.8,36.8,3925,496,0,214,0.207,1,COM7
2,350206,37,rpm,45,461,36.8,36.8,3925,496,0,214,0.207,1,COM7
2,350227,37,rpm,349,461,36.8,36.8,3925,496,0,214,0.207,1,COM7
2,350248,37,rpm,669,461,36.8,36.8,3925,496,0,214,0.208,1,COM7
2,350269,37,rpm,847,461,36.8,36.8,3925,496,0,214,0.208,1,COM7
2,350289,37,rpm,873,461,36.8,36.8,3925,496,0,214,0.208,1,COM7
2,350310,37,rpm,726,461,36.8,36.8,3925,496,0,215,0.208,1,COM7
2,350331,37,rpm,621,461,36.8,36.8,3925,496,0,215,0.208,1,COM7
2,350351,37,rpm,636,461,36.8,36.8,3925,496,0,215,0.208,1,COM7
2,350372,37,rpm,540,461,36.8,36.8,3925,496,0,215,0.209,1,COM7
2,350393,37,rpm,404,461,36.8,36.8,3925,496,0,215,0.209,1,COM7
2,350413,37,rpm,288,461,36.8,36.8,3925,496,0,215,0.209,1,COM7
2,350434,37,rpm,-126,461,36.8,36.8,3925,496,0,215,0.209,1,COM7
2,350455,37,rpm,-199,461,36.8,36.8,3925,496,0,216,0.209,1,COM7
2,350476,37,rpm,135,461,36.8,36.8,3925,496,0,216,0.209,1,COM7
2,350496,37,rpm,639,461,36.8,36.8,3925,496,0,216,0.209,1,COM7
2,350517,37,rpm,793,461,36.8,36.8,3925,496,0,216,0.21,1,COM7
2,350538,37,rpm,824,461,36.8,36.8,3925,496,0,216,0.21,1,COM7
2,350558,37,rpm,764,461,36.8,36.8,3925,496,0,216,0.21,1,COM7
2,350579,37,rpm,730,461,36.8,36.8,3925,496,0,217,0.21,1,COM7
2,350600,37,rpm,624,461,36.8,36.8,3925,496,0,217,0.21,1,COM7
2,350621,37,rpm,504,461,36.8,36.8,3925,496,0,217,0.21,1,COM7
2,350641,37,rpm,508,461,36.8,36.8,3925,496,0,217,0.211,1,COM7
2,350662,37,rpm,340,461,36.8,36.8,3925,496,0,217,0.211,1,COM7
2,350683,37,rpm,132,461,36.8,36.8,3925,496,0,217,0.211,1,COM7
2,350703,37,rpm,-384,461,36.8,36.8,3925,496,0,218,0.211,1,COM7
2,350724,37,rpm,107,461,36.8,36.8,3925,496,0,218,0.211,1,COM7
2,350745,37,rpm,490,461,36.8,36.8,3925,496,0,218,0.211,1,COM7
2,350765,37,rpm,738,461,36.8,36.8,3925,496,0,218,0.211,1,COM7
2,350786,37,rpm,1022,461,36.8,36.8,3925,496,0,218,0.212,1,COM7
2,350807,37,rpm,790,461,36.8,36.8,3925,496,0,218,0.212,1,COM7
2,350828,37,rpm,670,461,36.8,36.8,3925,496,0,218,0.212,1,COM7
2,350848,37,rpm,694,461,36.8,36.8,3925,496,0,219,0.212,1,COM7
2,350869,37,rpm,600,461,36.8,36.8,3925,496,0,219,0.212,1,COM7
2,350890,37,rpm,433,461,36.8,36.8,3925,496,0,219,0.212,1,COM7
2,350910,37,rpm,348,461,36.8,36.8,3925,496,0,219,0.213,1,COM7
2,350931,37,rpm,162,461,36.8,36.8,3925,496,0,219,0.213,1,COM7
2,350952,37,rpm,-410,461,36.8,36.8,3925,496,0,219,0.213,1,COM7
2,350973,37,rpm,78,461,36.8,36.8,3925,496,0,220,0.213,1,COM7
2,350993,37,rpm,488,461,36.8,36.8,3925,496,0,220,0.213,1,COM7
2,351014,37,rpm,705,461,36.8,36.8,3925,496,0,220,0.213,1,COM7
2,351035,37,rpm,817,461,36.8,36.8,3925,496,0,220,0.213,1,COM7
2,351056,37,rpm,851,461,36.8,36.8,3925,496,0,220,0.214,1,COM7
2,351076,37,rpm,735,461,36.8,36.8,3925,496,0,220,0.214,1,COM7
2,351097,37,rpm,630,461,36.8,36.8,3925,496,0,221,0.214,1,COM7
2,351118,37,rpm,562,461,36.8,36.8,3925,496,0,221,0.214,1,COM7
2,351139,37,rpm,532,461,36.8,36.8,3925,496,0,221,0.214,1,COM7
2,351159,37,rpm,386,461,36.8,36.8,3925,496,0,221,0.214,1,COM7
2,351180,37,rpm,251,461,36.8,36.8,3925,496,0,221,0.215,1,COM7
2,351201,37,rpm,-351,461,36.8,36.8,3925,496,0,221,0.215,1,COM7
2,351221,37,rpm,15,461,36.8,36.8,3925,496,0,222,0.215,1,COM7
2,351242,37,rpm,273,461,36.8,36.8,3925,496,0,222,0.215,1,COM7
2,351263,37,rpm,667,461,36.8,36.8,3925,496,0,222,0.215,1,COM7
2,351284,37,rpm,834,461,36.8,36.8,3925,496,0,222,0.215,1,COM7
2,351304,37,rpm,900,461,36.8,36.8,3925,496,0,222,0.215,1,COM7
2,351325,37,rpm,664,461,36.8,36.8,3925,496,0,222,0.216,1,COM7
2,351346,37,rpm,712,461,36.8,36.8,3925,496,0,222,0.216,1,COM7
2,351366,37,rpm,639,461,36.8,36.8,3925,496,0,223,0.216,1,COM7
2,351387,37,rpm,471,461,36.8,36.8,3925,496,0,223,0.216,1,COM7
2,351408,37,rpm,437,461,36.8,36.8,3925,496,0,223,0.216,1,COM7
2,351429,37,rpm,351,461,36.8,36.8,3925,496,0,223,0.216,1,COM7
2,351449,37,rpm,-23,461,36.8,36.8,3925,496,0,223,0.217,1,COM7
2,351470,37,rpm,-266,461,36.8,36.8,3925,496,0,223,0.217,1,COM7
2,351491,37,rpm,128,461,36.8,36.8,3925,496,0,224,0.217,1,COM7
2,351512,37,rpm,587,461,36.8,36.8,3925,496,0,224,0.217,1,COM7
2,351532,37,rpm,658,461,36.8,36.8,3925,496,0,224,0.217,1,COM7
2,351553,37,rpm,950,461,36.8,36.8,3925,496,0,224,0.217,1,COM7
2,351574,37,rpm,836,461,36.8,36.8,3925,496,0,224,0.217,1,COM7
2,351595,37,rpm,650,461,36.8,36.8,3925,496,0,224,0.218,1,COM7
2,351615,37,rpm,663,461,36.8,36.8,3925,496,0,225,0.218,1,COM7
2,351636,37,rpm,568,461,36.8,36.8,3925,496,0,225,0.218,1,COM7
2,351657,37,rpm,471,461,36.8,36.8,3925,496,0,225,0.218,1,COM7
2,351677,37,rpm,343,461,36.8,36.8,3925,496,0,225,0.218,1,COM7
2,351698,37,rpm,222,461,36.8,36.8,3925,496,0,225,0.218,1,COM7
2,351719,37,rpm,-408,461,36.8,36.8,3925,496,0,225,0.219,1,COM7
2,351740,37,rpm,69,461,36.8,36.8,3925,496,0,225,0.219,1,COM7
2,351760,37,rpm,390,461,36.8,36.8,3925,496,0,226,0.219,1,COM7
2,351781,37,rpm,734,461,36.8,36.8,3925,496,0,226,0.219,1,COM7
2,351802,37,rpm,845,461,36.8,36.8,3925,496,0,226,0.219,1,COM7
2,351823,37,rpm,773,461,36.8,36.8,3925,496,0,226,0.219,1,COM7
2,351843,37,rpm,797,461,36.8,36.8,3925,496,0,226,0.219,1,COM7
2,351864,37,rpm,672,461,36.8,36.8,3925,496,0,226,0.22,1,COM7
2,351885,37,rpm,575,461,36.8,36.8,3925,496,0,227,0.22,1,COM7
2,351905,37,rpm,487,461,36.8,36.8,3925,496,0,227,0.22,1,COM7
2,351926,37,rpm,434,461,36.8,36.8,3925,496,0,227,0.22,1,COM7
2,351947,37,rpm,273,461,36.8,36.8,3925,496,0,227,0.22,1,COM7
2,351968,37,rpm,-234,461,36.8,36.8,3925,496,0,227,0.22,1,COM7
2,351988,37,rpm,-92,461,36.8,36.8,3925,496,0,227,0.221,1,COM7
2,352009,37,rpm,215,461,36.8,36.8,3925,496,0,228,0.221,1,COM7
2,352030,37,rpm,596,461,36.8,36.8,3925,496,0,228,0.221,1,COM7
2,352051,37,rpm,819,461,36.8,36.8,3925,496,0,228,0.221,1,COM7
2,352071,37,rpm,1025,461,36.8,36.8,3925,496,0,228,0.221,1,COM7
2,352092,37,rpm,649,461,36.8,36.8,3925,496,0,228,0.221,1,COM7
2,352113,37,rpm,624,461,36.8,36.8,3925,496,0,228,0.222,1,COM7
2,352134,37,rpm,679,461,36.8,36.8,3925,496,0,229,0.222,1,COM7
2,352154,37,rpm,544,461,36.8,36.8,3925,496,0,229,0.222,1,COM7
2,352175,37,rpm,415,461,36.8,36.8,3925,496,0,229,0.222,1,COM7
2,352196,37,rpm,349,461,36.8,36.8,3925,496,0,229,0.222,1,COM7
2,352216,37,rpm,-7,461,36.8,36.8,3925,496,0,229,0.222,1,COM7
2,352237,37,rpm,-264,461,36.8,36.8,3925,496,0,229,0.222,1,COM7
2,352258,37,rpm,123,461,36.8,36.8,3925,496,0,229,0.223,1,COM7
2,352279,37,rpm,652,461,36.8,36.8,3925,496,0,230,0.223,1,COM7
2,352299,37,rpm,745,461,36.8,36.8,3925,496,0,230,0.223,1,COM7
2,352320,37,rpm,855,461,36.8,36.8,3925,496,0,230,0.223,1,COM7
2,352341,37,rpm,872,461,36.8,36.8,3925,496,0,230,0.223,1,COM7
2,352362,37,rpm,736,461,36.8,36.8,3925,496,0,230,0.223,1,COM7
2,352382,37,rpm,601,460,36.8,36.8,3925,496,0,230,0.224,1,COM7
2,352403,37,rpm,544,460,36.8,36.8,3925,496,0,231,0.224,1,COM7
2,352424,37,rpm,465,460,36.8,36.8,3925,496,0,231,0.224,1,COM7
2,352444,37,rpm,322,460,36.8,36.8,3925,496,0,231,0.224,1,COM7
2,352465,37,rpm,55,460,36.8,36.8,3925,496,0,231,0.224,1,COM7
2,352486,37,rpm,-317,460,36.8,36.8,3925,496,0,231,0.224,1,COM7
2,352507,37,rpm,120,460,36.8,36.8,3925,496,0,231,0.224,1,COM7
2,352527,37,rpm,532,460,36.8,36.8,3925,496,0,232,0.225,1,COM7
2,352548,37,rpm,702,460,36.8,36.8,3925,496,0,232,0.225,1,COM7
2,352569,37,rpm,964,460,36.8,36.8,3925,496,0,232,0.225,1,COM7
2,352589,37,rpm,775,460,36.8,36.8,3925,496,0,232,0.225,1,COM7
2,352610,37,rpm,634,460,36.8,36.8,3925,496,0,232,0.225,1,COM7
2,352631,37,rpm,708,460,36.8,36.8,3925,496,0,232,0.225,1,COM7
2,352652,37,rpm,603,460,36.8,36.8,3925,496,0,232,0.226,1,COM7
2,352672,37,rpm,423,460,36.8,36.8,3925,496,0,233,0.226,1,COM7
2,352693,37,rpm,396,460,36.8,36.8,3925,496,0,233,0.226,1,COM7
2,352714,37,rpm,247,460,36.8,36.8,3925,496,0,233,0.226,1,COM7
2,352735,37,rpm,-373,460,36.8,36.8,3925,496,0,233,0.226,1,COM7
2,352755,37,rpm,39,460,36.8,36.8,3925,496,0,233,0.226,1,COM7
2,352776,37,rpm,379,460,36.8,36.8,3925,496,0,233,0.226,1,COM7
2,352797,37,rpm,686,460,36.8,36.8,3925,496,0,234,0.227,1,COM7
2,352817,37,rpm,761,460,36.8,36.8,3925,496,0,234,0.227,1,COM7
2,352838,37,rpm,935,460,36.8,36.8,3925,496,0,234,0.227,1,COM7
2,352859,37,rpm,738,460,36.8,36.8,3925,496,0,234,0.227,1,COM7
2,352880,37,rpm,600,460,36.8,36.8,3925,496,0,234,0.227,1,COM7
2,352900,37,rpm,628,460,36.8,36.8,3925,496,0,234,0.227,1,COM7
2,352921,37,rpm,534,460,36.8,36.8,3925,496,0,235,0.228,1,COM7
2,352942,37,rpm,406,460,36.8,36.8,3925,496,0,235,0.228,1,COM7
2,352962,37,rpm,309,460,36.8,36.8,3925,496,0,235,0.228,1,COM7
2,352983,37,rpm,-153,460,36.8,36.8,3925,496,0,235,0.228,1,COM7
2,353004,37,rpm,-144,460,36.8,36.8,3925,496,0,235,0.228,1,COM7
2,353025,37,rpm,141,460,36.8,36.8,3925,496,0,235,0.228,1,COM7
2,353045,37,rpm,650,460,36.8,36.8,3925,496,0,236,0.228,1,COM7
2,353066,37,rpm,786,460,36.8,36.8,3925,496,0,236,0.229,1,COM7
2,353087,37,rpm,854,460,36.8,36.8,3925,496,0,236,0.229,1,COM7
2,353108,37,rpm,785,460,36.8,36.8,3925,496,0,236,0.229,1,COM7
2,353128,37,rpm,711,460,36.8,36.8,3925,496,0,236,0.229,1,COM7
2,353149,37,rpm,641,460,36.8,36.8,3925,496,0,236,0.229,1,COM7
2,353170,37,rpm,519,460,36.8,36.8,3925,496,0,236,0.229,1,COM7
2,353190,37,rpm,466,460,36.8,36.8,3925,496,0,237,0.23,1,COM7
2,353211,37,rpm,361,460,36.8,36.8,3925,496,0,237,0.23,1,COM7
2,353232,37,rpm,143,460,36.8,36.8,3925,496,0,237,0.23,1,COM7
2,353253,37,rpm,-386,460,36.8,36.8,3925,496,0,237,0.23,1,COM7
2,353273,37,rpm,90,460,36.8,36.8,3925,496,0,237,0.23,1,COM7
2,353294,37,rpm,500,460,36.8,36.8,3925,496,0,237,0.23,1,COM7
2,353315,37,rpm,625,460,36.8,36.8,3925,496,0,238,0.23,1,COM7
2,353335,37,rpm,912,460,36.8,36.8,3925,496,0,238,0.231,1,COM7
2,353356,37,rpm,882,460,36.8,36.8,3925,496,0,238,0.231,1,COM7
2,353377,37,rpm,595,460,36.8,36.8,3925,496,0,238,0.231,1,COM7
2,353398,37,rpm,670,460,36.8,36.8,3925,496,0,238,0.231,1,COM7
2,353418,37,rpm,661,460,36.8,36.8,3925,496,0,238,0.231,1,COM7
2,353439,37,rpm,460,460,36.8,36.8,3925,496,0,239,0.231,1,COM7
2,353460,37,rpm,355,460,36.8,36.8,3925,496,0,239,0.232,1,COM7
2,353480,37,rpm,300,460,36.8,36.8,3925,496,0,239,0.232,1,COM7
2,353501,37,rpm,-357,460,36.8,36.8,3925,496,0,239,0.232,1,COM7
2,353522,37,rpm,0,460,36.8,36.8,3925,496,0,239,0.232,1,COM7
2,353543,37,rpm,270,460,36.8,36.8,3925,496,0,239,0.232,1,COM7
2,353563,37,rpm,713,460,36.8,36.8,3925,496,0,239,0.232,1,COM7
2,353584,37,rpm,741,460,36.8,36.8,3925,496,0,240,0.232,1,COM7
2,353605,37,rpm,866,460,36.8,36.8,3925,496,0,240,0.233,1,COM7
2,353626,37,rpm,791,460,36.8,36.8,3925,496,0,240,0.233,1,COM7
2,353647,37,rpm,651,460,36.8,36.8,3925,496,0,240,0.233,1,COM7
2,353667,37,rpm,634,460,36.8,36.8,3925,496,0,240,0.233,1,COM7
2,353688,37,rpm,510,460,36.8,36.8,3925,496,0,240,0.233,1,COM7
2,353709,37,rpm,433,460,36.8,36.8,3925,496,0,241,0.233,1,COM7
2,353729,37,rpm,305,460,36.8,36.8,3925,496,0,241,0.234,1,COM7
2,353750,37,rpm,-135,460,36.8,36.8,3925,496,0,241,0.234,1,COM7
2,353771,37,rpm,-172,460,36.8,36.8,3925,496,0,241,0.234,1,COM7
2,353792,37,rpm,171,460,36.8,36.8,3925,496,0,241,0.234,1,COM7
2,353813,37,rpm,634,460,36.8,36.8,3925,496,0,241,0.234,1,COM7
2,353833,37,rpm,808,460,36.8,36.8,3925,496,0,242,0.234,1,COM7
2,353854,37,rpm,950,460,36.8,36.8,3925,496,0,242,0.234,1,COM7
2,353875,37,rpm,787,460,36.8,36.8,3925,496,0,242,0.235,1,COM7
2,353896,37,rpm,701,460,36.8,36.8,3925,496,0,242,0.235,1,COM7
2,353916,37,rpm,656,460,36.8,36.8,3925,496,0,242,0.235,1,COM7
2,353937,37,rpm,564,460,36.8,36.8,3925,496,0,242,0.235,1,COM7
2,353958,37,rpm,366,460,36.8,36.8,3925,496,0,243,0.235,1,COM7
2,353979,37,rpm,318,460,36.8,36.8,3925,496,0,243,0.235,1,COM7
2,353999,37,rpm,-83,460,36.8,36.8,3925,496,0,243,0.236,1,COM7
2,354020,37,rpm,-219,460,36.8,36.8,3925,496,0,243,0.236,1,COM7
2,354041,37,rpm,142,460,36.8,36.8,3925,496,0,243,0.236,1,COM7
2,354062,37,rpm,693,460,36.8,36.8,3925,496,0,243,0.236,1,COM7
2,354082,37,rpm,713,460,36.8,36.8,3925,496,0,243,0.236,1,COM7
2,354103,37,rpm,853,460,36.8,36.8,3925,496,0,244,0.236,1,COM7
2,354124,37,rpm,866,460,36.8,36.8,3925,496,0,244,0.236,1,COM7
2,354144,37,rpm,657,460,36.8,36.8,3925,496,0,244,0.237,1,COM7
2,354165,37,rpm,575,460,36.8,36.8,3925,496,0,244,0.237,1,COM7
2,354186,37,rpm,571,460,36.8,36.8,3925,496,0,244,0.237,1,COM7
2,354207,37,rpm,479,460,36.8,36.8,3925,496,0,244,0.237,1,COM7
2,354227,37,rpm,331,460,36.8,36.8,3925,496,0,245,0.237,1,COM7
2,354248,37,rpm,151,460,36.8,36.8,3925,496,0,245,0.237,1,COM7
2,354269,37,rpm,-373,460,36.8,36.8,3925,496,0,245,0.238,1,COM7
2,354290,37,rpm,84,460,36.8,36.8,3925,496,0,245,0.238,1,COM7
2,354310,37,rpm,515,460,36.8,36.8,3925,496,0,245,0.238,1,COM7
2,354331,37,rpm,671,460,36.8,36.8,3925,496,0,245,0.238,1,COM7
2,354352,37,rpm,876,460,36.8,36.8,3925,496,0,246,0.238,1,COM7
2,354372,37,rpm,802,460,36.8,36.8,3925,496,0,246,0.238,1,COM7
2,354393,37,rpm,686,460,36.8,36.8,3925,496,0,246,0.238,1,COM7
2,354414,37,rpm,656,460,36.8,36.8,3925,496,0,246,0.239,1,COM7
2,354435,37,rpm,608,460,36.8,36.8,3925,496,0,246,0.239,1,COM7
2,354455,37,rpm,470,460,36.8,36.8,3925,496,0,246,0.239,1,COM7
2,354476,37,rpm,385,460,36.8,36.8,3925,496,0,246,0.239,1,COM7
2,354497,37,rpm,301,460,36.8,36.8,3925,496,0,247,0.239,1,COM7
2,354517,37,rpm,-313,460,36.8,36.8,3925,496,0,247,0.239,1,COM7
2,354538,37,rpm,-31,460,36.8,36.8,3925,496,0,247,0.24,1,COM7
2,354559,37,rpm,227,460,36.8,36.8,3925,496,0,247,0.24,1,COM7
2,354580,37,rpm,688,460,36.8,36.8,3925,496,0,247,0.24,1,COM7
2,354600,37,rpm,669,460,36.8,36.8,3925,496,0,247,0.24,1,COM7
2,354621,37,rpm,978,460,36.8,36.8,3925,496,0,248,0.24,1,COM7
2,354642,37,rpm,785,460,36.8,36.8,3925,496,0,248,0.24,1,COM7
2,354663,37,rpm,568,460,36.8,36.8,3925,496,0,248,0.24,1,COM7
2,354683,37,rpm,665,460,36.8,36.8,3925,496,0,248,0.241,1,COM7
2,354704,37,rpm,589,460,36.8,36.8,3925,496,0,248,0.241,1,COM7
2,354725,37,rpm,392,460,36.8,36.8,3925,496,0,248,0.241,1,COM7
2,354745,37,rpm,333,460,36.8,36.8,3925,496,0,249,0.241,1,COM7
2,354766,37,rpm,5,460,36.8,36.8,3925,496,0,249,0.241,1,COM7
2,354787,37,rpm,-282,460,36.8,36.8,3925,496,0,249,0.241,1,COM7
2,354808,37,rpm,107,460,36.8,36.8,3925,496,0,249,0.242,1,COM7
2,354828,37,rpm,623,460,36.8,36.8,3925,496,0,249,0.242,1,COM7
2,354849,37,rpm,728,460,36.8,36.8,3925,496,0,249,0.242,1,COM7
2,354870,37,rpm,803,460,36.8,36.8,3925,496,0,250,0.242,1,COM7
2,354890,37,rpm,841,460,36.8,36.8,3925,496,0,250,0.242,1,COM7
2,354911,37,rpm,717,460,36.8,36.8,3925,496,0,250,0.242,1,COM7
2,354932,37,rpm,611,460,36.8,36.8,3925,496,0,250,0.242,1,COM7
2,354953,37,rpm,558,460,36.8,36.8,3925,496,0,250,0.243,1,COM7
2,354973,37,rpm,505,460,36.8,36.8,3925,496,0,250,0.243,1,COM7
2,354994,37,rpm,359,460,36.8,36.8,3925,496,0,250,0.243,1,COM7
2,355015,37,rpm,236,460,36.8,36.8,3925,496,0,251,0.243,1,COM7
2,355036,37,rpm,-441,460,36.8,36.8,3925,496,0,251,0.243,1,COM7
2,355056,37,rpm,58,460,36.8,36.8,3925,496,0,251,0.243,1,COM7
2,355077,37,rpm,361,460,36.8,36.8,3925,496,0,251,0.244,1,COM7
2,355098,37,rpm,637,460,36.8,36.8,3925,496,0,251,0.244,1,COM7
2,355119,37,rpm,891,460,36.8,36.8,3925,496,0,251,0.244,1,COM7
2,355139,37,rpm,902,460,36.8,36.8,3925,496,0,252,0.244,1,COM7
2,355160,37,rpm,675,460,36.8,36.8,3925,496,0,252,0.244,1,COM7
2,355181,37,rpm,607,460,36.8,36.8,3925,496,0,252,0.244,1,COM7
2,355202,37,rpm,663,460,36.8,36.8,3925,496,0,252,0.244,1,COM7
2,355222,37,rpm,522,460,36.8,36.8,3925,496,0,252,0.245,1,COM7
2,355243,37,rpm,346,460,36.8,36.8,3925,496,0,252,0.245,1,COM7
2,355264,37,rpm,320,460,36.8,36.8,3925,496,0,253,0.245,1,COM7
2,355285,37,rpm,-313,460,36.8,36.8,3925,496,0,253,0.245,1,COM7
2,355305,37,rpm,-42,460,36.8,36.8,3925,496,0,253,0.245,1,COM7
2,355326,37,rpm,227,460,36.8,36.8,3925,496,0,253,0.245,1,COM7
2,355347,37,rpm,789,460,36.8,36.8,3925,496,0,253,0.246,1,COM7
2,355368,37,rpm,761,460,36.8,36.8,3925,496,0,253,0.246,1,COM7
2,355388,37,rpm,849,460,36.8,36.8,3925,496,0,253,0.246,1,COM7
2,355409,37,rpm,861,460,36.8,36.8,3925,496,0,254,0.246,1,COM7
2,355430,37,rpm,658,460,36.8,36.8,3925,496,0,254,0.246,1,COM7
2,355451,37,rpm,566,460,36.8,36.8,3925,496,0,254,0.246,1,COM7
2,355471,37,rpm,545,460,36.8,36.8,3925,496,0,254,0.246,1,COM7
2,355492,37,rpm,412,460,36.8,36.8,3925,496,0,254,0.247,1,COM7
2,355513,37,rpm,266,460,36.8,36.8,3925,496,0,254,0.247,1,COM7
2,355533,37,rpm,-223,460,36.8,36.8,3925,496,0,255,0.247,1,COM7
2,355554,37,rpm,-88,460,36.8,36.8,3925,496,0,255,0.247,1,COM7
2,355575,37,rpm,190,460,36.8,36.8,3925,496,0,255,0.247,1,COM7
2,355596,37,rpm,645,460,36.8,36.8,3925,496,0,255,0.247,1,COM7
2,355616,37,rpm,788,460,36.8,36.8,3925,496,0,255,0.248,1,COM7
2,355637,37,rpm,908,460,36.8,36.8,3925,496,0,255,0.248,1,COM7
2,355658,37,rpm,742,460,36.8,36.8,3925,496,0,256,0.248,1,COM7
2,355678,37,rpm,643,460,36.8,36.8,3925,496,0,256,0.248,1,COM7
2,355699,37,rpm,654,460,36.8,36.8,3925,496,0,256,0.248,1,COM7
2,355720,37,rpm,564,460,36.8,36.8,3925,496,0,256,0.248,1,COM7
2,355741,37,rpm,395,460,36.8,36.8,3925,496,0,256,0.249,1,COM7
2,355761,37,rpm,352,460,36.8,36.8,3925,496,0,256,0.249,1,COM7
2,355782,37,rpm,35,460,36.8,36.8,3925,496,0,257,0.249,1,COM7
2,355803,37,rpm,-269,460,36.8,36.8,3925,496,0,257,0.249,1,COM7
2,355824,37,rpm,99,460,36.8,36.8,3925,496,0,257,0.249,1,COM7
2,355844,37,rpm,609,460,36.8,36.8,3925,496,0,257,0.249,1,COM7
2,355865,37,rpm,753,460,36.8,36.8,3925,496,0,257,0.249,1,COM7
2,355886,37,rpm,729,460,36.8,36.8,3925,496,0,257,0.25,1,COM7
2,355907,37,rpm,889,460,36.8,36.8,3925,496,0,257,0.25,1,COM7
2,355927,37,rpm,719,460,36.8,36.8,3925,496,0,258,0.25,1,COM7
2,355948,37,rpm,536,460,36.8,36.8,3925,496,0,258,0.25,1,COM7
2,355969,37,rpm,614,460,36.8,36.8,3925,496,0,258,0.25,1,COM7
2,355990,37,rpm,527,460,36.8,36.8,3925,496,0,258,0.25,1,COM7
2,356010,37,rpm,325,460,36.8,36.8,3925,496,0,258,0.251,1,COM7
2,356031,37,rpm,265,460,36.8,36.8,3925,496,0,258,0.251,1,COM7
2,356052,37,rpm,-405,460,36.8,36.8,3925,496,0,259,0.251,1,COM7
2,356073,37,rpm,45,460,36.8,36.8,3925,496,0,259,0.251,1,COM7
2,356093,37,rpm,291,460,36.8,36.8,3925,496,0,259,0.251,1,COM7
2,356114,37,rpm,741,460,36.8,36.8,3925,496,0,259,0.251,1,COM7
2,356135,37,rpm,813,460,36.8,36.8,3925,496,0,259,0.251,1,COM7
2,356156,37,rpm,829,460,36.8,36.8,3925,496,0,259,0.252,1,COM7
2,356176,37,rpm,751,460,36.8,36.8,3925,496,0,260,0.252,1,COM7
2,356197,37,rpm,673,460,36.8,36.8,3925,496,0,260,0.252,1,COM7
2,356218,37,rpm,597,460,36.8,36.8,3925,496,0,260,0.252,1,COM7
2,356238,37,rpm,518,460,36.8,36.8,3925,496,0,260,0.252,1,COM7
2,356259,37,rpm,434,460,36.8,36.8,3925,496,0,260,0.252,1,COM7
2,356280,37,rpm,316,460,36.8,36.8,3925,496,0,260,0.253,1,COM7
2,356301,37,rpm,-160,460,36.8,36.8,3925,496,0,260,0.253,1,COM7
2,356322,37,rpm,-162,460,36.8,36.8,3925,496,0,261,0.253,1,COM7
2,356342,37,rpm,181,460,36.8,36.8,3925,496,0,261,0.253,1,COM7
2,356363,37,rpm,675,460,36.8,36.8,3925,496,0,261,0.253,1,COM7
2,356384,37,rpm,697,460,36.8,36.8,3925,496,0,261,0.253,1,COM7
2,356405,37,rpm,875,460,36.8,36.8,3925,496,0,261,0.253,1,COM7
2,356425,37,rpm,861,460,36.8,36.8,3925,496,0,261,0.254,1,COM7
2,356446,37,rpm,623,460,36.8,36.8,3925,496,0,262,0.254,1,COM7
2,356467,37,rpm,598,460,36.8,36.8,3925,496,0,262,0.254,1,COM7
2,356487,37,rpm,620,460,36.8,36.8,3925,496,0,262,0.254,1,COM7
2,356508,37,rpm,445,460,36.8,36.8,3925,496,0,262,0.254,1,COM7
2,356529,37,rpm,303,460,36.8,36.8,3925,496,0,262,0.254,1,COM7
2,356550,37,rpm,195,460,36.8,36.8,3925,496,0,262,0.255,1,COM7
2,356570,37,rpm,-415,460,36.8,36.8,3925,496,0,263,0.255,1,COM7
2,356591,37,rpm,73,460,36.8,36.8,3925,496,0,263,0.255,1,COM7
2,356612,37,rpm,458,460,36.8,36.8,3925,496,0,263,0.255,1,COM7
2,356632,37,rpm,831,460,36.8,36.8,3925,496,0,263,0.255,1,COM7
2,356653,37,rpm,834,460,36.8,36.8,3925,496,0,263,0.255,1,COM7
2,356674,37,rpm,794,460,36.8,36.8,3925,496,0,263,0.255,1,COM7
2,356695,37,rpm,755,460,36.8,36.8,3925,496,0,264,0.256,1,COM7
2,356715,37,rpm,608,460,36.8,36.8,3925,496,0,264,0.256,1,COM7
2,356736,37,rpm,568,460,36.8,36.8,3925,496,0,264,0.256,1,COM7
2,356757,37,rpm,539,460,36.8,36.8,3925,496,0,264,0.256,1,COM7
2,356778,37,rpm,385,460,36.8,36.8,3925,496,0,264,0.256,1,COM7
2,356798,37,rpm,258,460,36.8,36.8,3925,496,0,264,0.256,1,COM7
2,356819,37,rpm,-384,460,36.8,36.8,3925,496,0,264,0.257,1,COM7
2,356840,37,rpm,53,460,36.8,36.8,3925,496,0,265,0.257,1,COM7
2,356860,37,rpm,332,460,36.8,36.8,3925,496,0,265,0.257,1,COM7
2,356881,37,rpm,678,460,36.8,36.8,3925,496,0,265,0.257,1,COM7
2,356902,37,rpm,857,460,36.8,36.8,3925,496,0,265,0.257,1,COM7
2,356923,37,rpm,954,460,36.8,36.8,3925,496,0,265,0.257,1,COM7
2,356943,37,rpm,736,460,36.8,36.8,3925,496,0,265,0.257,1,COM7
2,356964,37,rpm,611,460,36.8,36.8,3925,496,0,266,0.258,1,COM7
2,356985,37,rpm,685,460,36.8,36.8,3925,496,0,266,0.258,1,COM7
2,357005,37,rpm,498,460,36.8,36.8,3925,496,0,266,0.258,1,COM7
2,357026,37,rpm,361,460,36.8,36.8,3925,496,0,266,0.258,1,COM7
2,357047,37,rpm,269,460,36.8,36.8,3925,496,0,266,0.258,1,COM7
2,357068,37,rpm,-383,460,36.8,36.8,3925,496,0,266,0.258,1,COM7
2,357088,37,rpm,20,460,36.8,36.8,3925,496,0,267,0.259,1,COM7
2,357109,37,rpm,268,460,36.8,36.8,3925,496,0,267,0.259,1,COM7
2,357130,37,rpm,757,460,36.8,36.8,3925,496,0,267,0.259,1,COM7
2,357151,37,rpm,774,460,36.8,36.8,3925,496,0,267,0.259,1,COM7
2,357171,37,rpm,798,460,36.8,36.8,3925,496,0,267,0.259,1,COM7
2,357192,37,rpm,828,460,36.8,36.8,3925,496,0,267,0.259,1,COM7
2,357213,37,rpm,663,460,36.8,36.8,3925,496,0,267,0.259,1,COM7
2,357234,37,rpm,574,460,36.8,36.8,3925,496,0,268,0.26,1,COM7
2,357254,37,rpm,549,460,36.8,36.8,3925,496,0,268,0.26,1,COM7
2,357275,37,rpm,443,460,36.8,36.8,3925,496,0,268,0.26,1,COM7
2,357296,37,rpm,273,460,36.8,36.8,3925,496,0,268,0.26,1,COM7
2,357317,37,rpm,-72,460,36.8,36.8,3925,496,0,268,0.26,1,COM7
2,357337,37,rpm,-207,460,36.8,36.8,3925,496,0,268,0.26,1,COM7
2,357358,37,rpm,148,460,36.8,36.8,3925,496,0,269,0.261,1,COM7
2,357379,37,rpm,595,460,36.8,36.8,3925,496,0,269,0.261,1,COM7
2,357399,37,rpm,780,460,36.8,36.8,3925,496,0,269,0.261,1,COM7
2,357420,37,rpm,896,460,36.8,36.8,3925,496,0,269,0.261,1,COM7
2,357441,37,rpm,732,460,36.8,36.8,3925,496,0,269,0.261,1,COM7
2,357462,37,rpm,688,460,36.8,36.8,3925,496,0,269,0.261,1,COM7
2,357482,37,rpm,645,460,36.8,36.8,3925,496,0,270,0.261,1,COM7
2,357503,37,rpm,555,460,36.8,36.8,3925,496,0,270,0.262,1,COM7
2,357524,37,rpm,443,460,36.8,36.8,3925,496,0,270,0.262,1,COM7
2,357545,37,rpm,370,460,36.8,36.8,3925,496,0,270,0.262,1,COM7
2,357565,37,rpm,206,460,36.8,36.8,3925,496,0,270,0.262,1,COM7
2,357586,37,rpm,-397,460,36.8,36.8,3925,496,0,270,0.262,1,COM7
2,357607,37,rpm,64,460,36.8,36.8,3925,496,0,271,0.262,1,COM7
2,357627,37,rpm,437,460,36.8,36.8,3925,496,0,271,0.263,1,COM7
2,357648,37,rpm,691,460,36.8,36.8,3925,496,0,271,0.263,1,COM7
2,357669,37,rpm,789,460,36.8,36.8,3925,496,0,271,0.263,1,COM7
2,357690,37,rpm,909,460,36.8,36.8,3925,496,0,271,0.263,1,COM7
2,357710,37,rpm,733,460,36.8,36.8,3925,496,0,271,0.263,1,COM7
2,357731,37,rpm,568,460,36.8,36.8,3925,496,0,271,0.263,1,COM7
2,357752,37,rpm,628,460,36.8,36.8,3925,496,0,272,0.263,1,COM7
2,357772,37,rpm,549,460,36.8,36.8,3925,496,0,272,0.264,1,COM7
2,357793,37,rpm,375,460,36.8,36.8,3925,496,0,272,0.264,1,COM7
2,357814,37,rpm,295,460,36.8,36.8,3925,496,0,272,0.264,1,COM7
2,357835,37,rpm,-291,460,36.8,36.8,3925,496,0,272,0.264,1,COM7
2,357855,37,rpm,-52,460,36.8,36.8,3925,496,0,272,0.264,1,COM7
2,357876,37,rpm,191,460,36.8,36.8,3925,496,0,273,0.264,1,COM7
2,357897,37,rpm,738,460,36.8,36.8,3925,496,0,273,0.265,1,COM7
2,357918,37,rpm,868,460,36.8,36.8,3925,496,0,273,0.265,1,COM7
2,357938,37,rpm,726,460,36.8,36.8,3925,496,0,273,0.265,1,COM7
2,357959,37,rpm,811,460,36.8,36.8,3925,496,0,273,0.265,1,COM7
2,357980,37,rpm,724,460,36.8,36.8,3925,496,0,273,0.265,1,COM7
2,358000,37,rpm,581,460,36.8,36.8,3925,496,0,274,0.265,1,COM7
2,358021,37,rpm,532,460,36.8,36.8,3925,496,0,274,0.265,1,COM7
2,358042,37,rpm,479,460,36.8,36.8,3925,496,0,274,0.266,1,COM7
2,358063,37,rpm,314,460,36.8,36.8,3925,496,0,274,0.266,1,COM7
2,358083,37,rpm,64,460,36.8,36.8,3925,496,0,274,0.266,1,COM7
2,358104,37,rpm,-327,460,36.8,36.8,3925,496,0,274,0.266,1,COM7
2,358125,37,rpm,116,460,36.8,36.8,3925,496,0,274,0.266,1,COM7
2,358146,37,rpm,536,460,36.8,36.8,3925,496,0,275,0.266,1,COM7
2,358166,37,rpm,710,460,36.8,36.8,3925,496,0,275,0.267,1,COM7
2,358187,37,rpm,929,460,36.8,36.8,3925,496,0,275,0.267,1,COM7
2,358208,37,rpm,806,460,36.8,36.8,3925,496,0,275,0.267,1,COM7
2,358228,37,rpm,654,460,36.8,36.8,3925,496,0,275,0.267,1,COM7
2,358249,37,rpm,662,460,36.8,36.8,3925,496,0,275,0.267,1,COM7
2,358270,37,rpm,596,460,36.8,36.8,3925,496,0,276,0.267,1,COM7
2,358291,37,rpm,462,460,36.8,36.8,3925,496,0,276,0.267,1,COM7
2,358311,37,rpm,346,460,36.8,36.8,3925,496,0,276,0.268,1,COM7
2,358332,37,rpm,225,460,36.8,36.8,3925,496,0,276,0.268,1,COM7
2,358353,37,rpm,-398,460,36.8,36.8,3925,496,0,276,0.268,1,COM7
2,358374,37,rpm,61,460,36.8,36.8,3925,496,0,276,0.268,1,COM7
2,358394,37,rpm,415,460,36.8,36.8,3925,496,0,277,0.268,1,COM7
2,358415,37,rpm,782,460,36.8,36.8,3925,496,0,277,0.268,1,COM7
2,358436,37,rpm,850,460,36.8,36.8,3925,496,0,277,0.269,1,COM7
2,358456,37,rpm,809,460,36.8,36.8,3925,496,0,277,0.269,1,COM7
2,358477,37,rpm,802,460,36.8,36.8,3925,496,0,277,0.269,1,COM7
2,358498,37,rpm,660,460,36.8,36.8,3925,496,0,277,0.269,1,COM7
2,358519,37,rpm,560,460,36.8,36.8,3925,496,0,278,0.269,1,COM7
2,358539,37,rpm,482,460,36.8,36.8,3925,496,0,278,0.269,1,COM7
2,358560,37,rpm,377,460,36.8,36.8,3925,496,0,278,0.269,1,COM7
2,358581,37,rpm,210,460,36.8,36.8,3925,496,0,278,0.27,1,COM7
2,358601,37,rpm,-404,460,36.8,36.8,3925,496,0,278,0.27,1,COM7
2,358622,37,rpm,61,460,36.8,36.8,3925,496,0,278,0.27,1,COM7
2,358643,37,rpm,392,460,36.8,36.8,3925,496,0,278,0.27,1,COM7
2,358664,37,rpm,694,460,36.8,36.8,3925,496,0,279,0.27,1,COM7
2,358684,37,rpm,906,460,36.8,36.8,3925,496,0,279,0.27,1,COM7
2,358705,37,rpm,810,460,36.8,36.8,3925,496,0,279,0.271,1,COM7
2,358726,37,rpm,704,460,36.8,36.8,3925,496,0,279,0.271,1,COM7
2,358746,37,rpm,700,460,36.8,36.8,3925,496,0,279,0.271,1,COM7
2,358767,37,rpm,610,460,36.8,36.8,3925,496,0,279,0.271,1,COM7
2,358788,37,rpm,494,460,36.8,36.8,3925,496,0,280,0.271,1,COM7
2,358809,37,rpm,390,460,36.8,36.8,3925,496,0,280,0.271,1,COM7
2,358829,37,rpm,296,460,36.8,36.8,3925,496,0,280,0.271,1,COM7
2,358850,37,rpm,-199,460,36.8,36.8,3925,496,0,280,0.272,1,COM7
2,358871,37,rpm,-120,460,36.8,36.8,3925,496,0,280,0.272,1,COM7
2,358892,37,rpm,184,460,36.8,36.8,3925,496,0,280,0.272,1,COM7
2,358912,37,rpm,678,460,36.8,36.8,3925,496,0,281,0.272,1,COM7
2,358933,37,rpm,712,460,36.8,36.8,3925,496,0,281,0.272,1,COM7
2,358954,37,rpm,886,460,36.8,36.8,3925,496,0,281,0.272,1,COM7
2,358975,37,rpm,833,460,36.8,36.8,3925,496,0,281,0.273,1,COM7
2,358995,37,rpm,657,460,36.8,36.8,3925,496,0,281,0.273,1,COM7
2,359016,37,rpm,578,460,36.8,36.8,3925,496,0,281,0.273,1,COM7
2,359037,37,rpm,580,460,36.8,36.8,3925,496,0,281,0.273,1,COM7
2,359057,37,rpm,463,460,36.8,36.8,3925,496,0,282,0.273,1,COM7
2,359078,37,rpm,311,460,36.8,36.8,3925,496,0,282,0.273,1,COM7
2,359099,37,rpm,129,460,36.8,36.8,3925,496,0,282,0.273,1,COM7
2,359120,37,rpm,-374,460,36.8,36.8,3925,496,0,282,0.274,1,COM7
2,359140,37,rpm,90,460,36.8,36.8,3925,496,0,282,0.274,1,COM7
2,359161,37,rpm,460,460,36.8,36.8,3925,496,0,282,0.274,1,COM7
2,359182,37,rpm,761,460,36.8,36.8,3925,496,0,283,0.274,1,COM7
2,359203,37,rpm,910,460,36.8,36.8,3925,496,0,283,0.274,1,COM7
2,359223,37,rpm,703,460,36.8,36.8,3925,496,0,283,0.274,1,COM7
2,359244,37,rpm,758,460,36.8,36.8,3925,496,0,283,0.275,1,COM7
2,359265,37,rpm,664,460,36.8,36.8,3925,496,0,283,0.275,1,COM7
2,359286,37,rpm,517,460,36.8,36.8,3925,496,0,283,0.275,1,COM7
2,359306,37,rpm,510,460,36.8,36.8,3925,496,0,284,0.275,1,COM7
2,359327,37,rpm,399,460,36.8,36.8,3925,496,0,284,0.275,1,COM7
2,359348,37,rpm,246,460,36.8,36.8,3925,496,0,284,0.275,1,COM7
2,359369,37,rpm,-394,460,36.8,36.8,3925,496,0,284,0.275,1,COM7
2,359389,37,rpm,37,460,36.8,36.8,3925,496,0,284,0.276,1,COM7
2,359410,37,rpm,319,460,36.8,36.8,3925,496,0,284,0.276,1,COM7
2,359431,37,rpm,651,460,36.8,36.8,3925,496,0,284,0.276,1,COM7
2,359451,37,rpm,823,460,36.8,36.8,3925,496,0,285,0.276,1,COM7
2,359472,37,rpm,907,460,36.8,36.8,3925,496,0,285,0.276,1,COM7
2,359493,37,rpm,701,460,36.8,36.8,3925,496,0,285,0.276,1,COM7
2,359514,37,rpm,671,460,36.8,36.8,3925,496,0,285,0.277,1,COM7
2,359534,37,rpm,609,460,36.8,36.8,3925,496,0,285,0.277,1,COM7
2,359555,37,rpm,541,460,36.8,36.8,3925,496,0,285,0.277,1,COM7
2,359576,37,rpm,422,460,36.8,36.8,3925,496,0,286,0.277,1,COM7
2,359597,37,rpm,273,460,36.8,36.8,3925,496,0,286,0.277,1,COM7
2,359617,37,rpm,-91,460,36.8,36.8,3925,496,0,286,0.277,1,COM7
2,359638,37,rpm,-225,460,36.8,36.8,3925,496,0,286,0.277,1,COM7
2,359659,37,rpm,129,460,36.8,36.8,3925,496,0,286,0.278,1,COM7
2,359680,37,rpm,640,460,36.8,36.8,3925,496,0,286,0.278,1,COM7
2,359700,37,rpm,775,460,36.8,36.8,3925,496,0,287,0.278,1,COM7
2,359721,37,rpm,833,460,36.8,36.8,3925,496,0,287,0.278,1,COM7
2,359742,37,rpm,805,460,36.8,36.8,3925,496,0,287,0.278,1,COM7
2,359763,37,rpm,732,460,36.8,36.8,3925,496,0,287,0.278,1,COM7
2,359783,37,rpm,603,460,36.8,36.8,3925,496,0,287,0.279,1,COM7
2,359804,37,rpm,506,460,36.8,36.8,3925,496,0,287,0.279,1,COM7
2,359825,37,rpm,510,460,36.8,36.8,3925,496,0,288,0.279,1,COM7
2,359845,37,rpm,332,460,36.8,36.8,3925,496,0,288,0.279,1,COM7
2,359866,37,rpm,147,460,36.8,36.8,3925,496,0,288,0.279,1,COM7
2,359887,37,rpm,-401,460,36.8,36.8,3925,496,0,288,0.279,1,COM7
2,359908,37,rpm,107,460,36.8,36.8,3925,496,0,288,0.28,1,COM7
2,359928,37,rpm,480,460,36.8,36.8,3925,496,0,288,0.28,1,COM7
2,359949,37,rpm,731,460,36.8,36.8,3925,496,0,288,0.28,1,COM7
2,359970,37,rpm,985,460,36.8,36.8,3925,496,0,289,0.28,1,COM7
2,359990,37,rpm,797,460,36.8,36.8,3925,496,0,289,0.28,1,COM7
2,360011,37,rpm,687,460,36.8,36.8,3925,496,0,289,0.28,1,COM7
2,360032,37,rpm,672,460,36.8,36.8,3925,496,0,289,0.28,1,COM7
2,360053,37,rpm,592,460,36.8,36.8,3925,496,0,289,0.281,1,COM7
2,360073,37,rpm,437,460,36.8,36.8,3925,496,0,289,0.281,1,COM7
2,360094,37,rpm,358,460,36.8,36.8,3925,496,0,290,0.281,1,COM7
2,360115,37,rpm,157,460,36.8,36.8,3925,496,0,290,0.281,1,COM7
2,360136,37,rpm,-401,460,36.8,36.8,3925,496,0,290,0.281,1,COM7
2,360156,37,rpm,87,460,36.8,36.8,3925,496,0,290,0.281,1,COM7
2,360177,37,rpm,488,460,36.8,36.8,3925,496,0,290,0.282,1,COM7
2,360198,37,rpm,748,460,36.8,36.8,3925,496,0,290,0.282,1,COM7
2,360219,37,rpm,856,460,36.8,36.8,3925,496,0,291,0.282,1,COM7
2,360239,37,rpm,780,460,36.8,36.8,3925,496,0,291,0.282,1,COM7
2,360260,37,rpm,737,460,36.8,36.8,3925,496,0,291,0.282,1,COM7
2,360281,37,rpm,632,460,36.8,36.8,3925,496,0,291,0.282,1,COM7
2,360302,37,rpm,557,460,36.8,36.8,3925,496,0,291,0.282,1,COM7
2,360322,37,rpm,528,460,36.8,36.8,3925,496,0,291,0.283,1,COM7
2,360343,37,rpm,385,460,36.8,36.8,3925,496,0,291,0.283,1,COM7
2,360364,37,rpm,248,460,36.8,36.8,3925,496,0,292,0.283,1,COM7
2,360385,37,rpm,-379,460,36.8,36.8,3925,496,0,292,0.283,1,COM7
2,360405,37,rpm,32,460,36.8,36.8,3925,496,0,292,0.283,1,COM7
2,360426,37,rpm,284,460,36.8,36.8,3925,496,0,292,0.283,1,COM7
2,360447,37,rpm,656,460,36.8,36.8,3925,496,0,292,0.284,1,COM7
2,360467,37,rpm,862,460,36.8,36.8,3925,496,0,292,0.284,1,COM7
2,360488,37,rpm,884,460,36.8,36.8,3925,496,0,293,0.284,1,COM7
2,360509,37,rpm,646,460,36.8,36.8,3925,496,0,293,0.284,1,COM7
2,360530,37,rpm,703,460,36.8,36.8,3925,496,0,293,0.284,1,COM7
2,360551,37,rpm,649,460,36.8,36.8,3925,496,0,293,0.284,1,COM7
2,360571,37,rpm,481,460,36.8,36.8,3925,496,0,293,0.284,1,COM7
2,360592,37,rpm,417,460,36.8,36.8,3925,496,0,293,0.285,1,COM7
2,360613,37,rpm,341,460,36.8,36.8,3925,496,0,294,0.285,1,COM7
2,360633,37,rpm,-36,460,36.8,36.8,3925,496,0,294,0.285,1,COM7
2,360654,37,rpm,-266,460,36.8,36.8,3925,496,0,294,0.285,1,COM7
2,360675,37,rpm,127,460,36.8,36.8,3925,496,0,294,0.285,1,COM7
2,360696,37,rpm,603,460,36.8,36.8,3925,496,0,294,0.285,1,COM7
2,360716,37,rpm,666,460,36.8,36.8,3925,496,0,294,0.286,1,COM7
2,360737,37,rpm,912,460,36.8,36.8,3925,496,0,295,0.286,1,COM7
2,360758,37,rpm,800,460,36.8,36.8,3925,496,0,295,0.286,1,COM7
2,360779,37,rpm,708,460,36.8,36.8,3925,496,0,295,0.286,1,COM7
2,360799,37,rpm,608,460,36.8,36.8,3925,496,0,295,0.286,1,COM7
2,360820,37,rpm,599,460,36.8,36.8,3925,496,0,295,0.286,1,COM7
2,360841,37,rpm,491,460,36.8,36.8,3925,496,0,295,0.286,1,COM7
2,360862,37,rpm,342,460,36.8,36.8,3925,496,0,295,0.287,1,COM7
2,360882,37,rpm,217,460,36.8,36.8,3925,496,0,296,0.287,1,COM7
2,360903,37,rpm,-408,460,36.8,36.8,3925,496,0,296,0.287,1,COM7
2,360924,37,rpm,64,460,36.8,36.8,3925,496,0,296,0.287,1,COM7
2,360944,37,rpm,393,460,36.8,36.8,3925,496,0,296,0.287,1,COM7
2,360965,37,rpm,731,460,36.8,36.8,3925,496,0,296,0.287,1,COM7
2,360986,37,rpm,861,460,36.8,36.8,3925,496,0,296,0.288,1,COM7
2,361007,37,rpm,797,460,36.8,36.8,3925,496,0,297,0.288,1,COM7
2,361027,37,rpm,718,460,36.8,36.8,3925,496,0,297,0.288,1,COM7
2,361048,37,rpm,695,460,36.8,36.8,3925,496,0,297,0.288,1,COM7
2,361069,37,rpm,604,460,36.8,36.8,3925,496,0,297,0.288,1,COM7
2,361090,37,rpm,481,460,36.8,36.8,3925,496,0,297,0.288,1,COM7
2,361110,37,rpm,445,460,36.8,36.8,3925,496,0,297,0.288,1,COM7
2,361131,37,rpm,279,460,36.8,36.8,3925,496,0,298,0.289,1,COM7
2,361152,37,rpm,-261,460,36.8,36.8,3925,496,0,298,0.289,1,COM7
2,361173,37,rpm,-63,460,36.8,36.8,3925,496,0,298,0.289,1,COM7
2,361193,37,rpm,208,460,36.8,36.8,3925,496,0,298,0.289,1,COM7
2,361214,37,rpm,608,460,36.8,36.8,3925,496,0,298,0.289,1,COM7
2,361235,37,rpm,788,460,36.8,36.8,3925,496,0,298,0.289,1,COM7
2,361256,37,rpm,975,460,36.8,36.8,3925,496,0,298,0.29,1,COM7
2,361276,37,rpm,716,460,36.8,36.8,3925,496,0,299,0.29,1,COM7
2,361297,37,rpm,593,460,36.8,36.8,3925,496,0,299,0.29,1,COM7
2,361318,37,rpm,658,460,36.8,36.8,3925,496,0,299,0.29,1,COM7
2,361338,37,rpm,556,460,36.8,36.8,3925,496,0,299,0.29,1,COM7
2,361359,37,rpm,408,460,36.8,36.8,3925,496,0,299,0.29,1,COM7
2,361380,37,rpm,325,460,36.8,36.8,3925,496,0,299,0.29,1,COM7
2,361401,37,rpm,-45,460,36.8,36.8,3925,496,0,300,0.291,1,COM7
2,361421,37,rpm,-249,460,36.8,36.8,3925,496,0,300,0.291,1,COM7
2,361442,37,rpm,126,460,36.8,36.8,3925,496,0,300,0.291,1,COM7
2,361463,37,rpm,620,460,36.8,36.8,3925,496,0,300,0.291,1,COM7
2,361484,37,rpm,780,460,36.8,36.8,3925,496,0,300,0.291,1,COM7
2,361504,37,rpm,850,460,36.8,36.8,3925,496,0,300,0.291,1,COM7
2,361525,37,rpm,831,460,36.8,36.8,3925,496,0,301,0.292,1,COM7
2,361546,37,rpm,762,460,36.8,36.8,3925,496,0,301,0.292,1,COM7
2,361567,37,rpm,624,460,36.8,36.8,3925,496,0,301,0.292,1,COM7
2,361587,37,rpm,534,460,36.8,36.8,3925,496,0,301,0.292,1,COM7
2,361608,37,rpm,448,460,36.8,36.8,3925,496,0,301,0.292,1,COM7
2,361629,37,rpm,328,460,36.8,36.8,3925,496,0,301,0.292,1,COM7
2,361649,37,rpm,22,460,36.8,36.8,3925,496,0,302,0.292,1,COM7
2,361670,37,rpm,-311,460,36.8,36.8,3925,496,0,302,0.293,1,COM7
2,361691,37,rpm,120,460,36.8,36.8,3925,496,0,302,0.293,1,COM7
2,361712,37,rpm,589,460,36.8,36.8,3925,496,0,302,0.293,1,COM7
2,361732,37,rpm,637,460,36.8,36.8,3925,496,0,302,0.293,1,COM7
2,361753,37,rpm,938,460,36.8,36.8,3925,496,0,302,0.293,1,COM7
2,361774,37,rpm,856,460,36.8,36.8,3925,496,0,302,0.293,1,COM7
2,361795,37,rpm,589,460,36.8,36.8,3925,496,0,303,0.294,1,COM7
2,361815,37,rpm,693,460,36.8,36.8,3925,496,0,303,0.294,1,COM7
2,361836,37,rpm,616,460,36.8,36.8,3925,496,0,303,0.294,1,COM7
2,361857,37,rpm,435,460,36.8,36.8,3925,496,0,303,0.294,1,COM7
2,361878,37,rpm,358,460,36.8,36.8,3925,496,0,303,0.294,1,COM7
2,361898,37,rpm,223,460,36.8,36.8,3925,496,0,303,0.294,1,COM7
2,361919,37,rpm,-363,460,36.8,36.8,3925,496,0,304,0.294,1,COM7
2,361940,37,rpm,50,460,36.8,36.8,3925,496,0,304,0.295,1,COM7
2,361961,37,rpm,419,460,36.8,36.8,3925,496,0,304,0.295,1,COM7
2,361981,37,rpm,708,460,36.8,36.8,3925,496,0,304,0.295,1,COM7
2,362002,37,rpm,749,460,36.8,36.8,3925,496,0,304,0.295,1,COM7
2,362023,37,rpm,864,460,36.8,36.8,3925,496,0,304,0.295,1,COM7
2,362044,37,rpm,740,460,36.8,36.8,3925,496,0,305,0.295,1,COM7
2,362064,37,rpm,665,460,36.8,36.8,3925,496,0,305,0.296,1,COM7
2,362085,37,rpm,591,460,36.8,36.8,3925,496,0,305,0.296,1,COM7
2,362106,37,rpm,558,460,36.8,36.8,3925,496,0,305,0.296,1,COM7
2,362127,37,rpm,386,460,36.8,36.8,3925,496,0,305,0.296,1,COM7
2,362147,37,rpm,294,460,36.8,36.8,3925,496,0,305,0.296,1,COM7
2,362168,37,rpm,-239,460,36.8,36.8,3925,496,0,305,0.296,1,COM7
2,362189,37,rpm,-93,460,36.8,36.8,3925,496,0,306,0.296,1,COM7
2,362210,37,rpm,171,460,36.8,36.8,3925,496,0,306,0.297,1,COM7
2,362230,37,rpm,634,460,36.8,36.8,3925,496,0,306,0.297,1,COM7
2,362251,37,rpm,770,460,36.8,36.8,3925,496,0,306,0.297,1,COM7
2,362272,37,rpm,923,460,36.8,36.8,3925,496,0,306,0.297,1,COM7
2,362293,37,rpm,721,460,36.8,36.8,3925,496,0,306,0.297,1,COM7
2,362313,37,rpm,664,460,36.8,36.8,3925,496,0,307,0.297,1,COM7
2,362334,37,rpm,673,460,36.8,36.8,3925,496,0,307,0.298,1,COM7
2,362355,37,rpm,539,460,36.8,36.8,3925,496,0,307,0.298,1,COM7
2,362376,37,rpm,409,460,36.8,36.8,3925,496,0,307,0.298,1,COM7
2,362396,37,rpm,384,460,36.8,36.8,3925,496,0,307,0.298,1,COM7
2,362417,37,rpm,69,460,36.8,36.8,3925,496,0,307,0.298,1,COM7
2,362438,37,rpm,-334,460,36.8,36.8,3925,496,0,308,0.298,1,COM7
2,362459,37,rpm,100,460,36.8,36.8,3925,496,0,308,0.298,1,COM7
2,362479,37,rpm,589,460,36.8,36.8,3925,496,0,308,0.299,1,COM7
2,362500,37,rpm,628,460,36.8,36.8,3925,496,0,308,0.299,1,COM7
2,362521,37,rpm,801,459,36.8,36.8,3925,496,0,308,0.299,1,COM7
2,362542,37,rpm,977,459,36.8,36.8,3925,496,0,308,0.299,1,COM7
2,362562,37,rpm,656,459,36.8,36.8,3925,496,0,308,0.299,1,COM7
2,362583,37,rpm,595,459,36.8,36.8,3925,496,0,309,0.299,1,COM7
2,362604,37,rpm,620,459,36.8,36.8,3925,496,0,309,0.3,1,COM7
2,362625,37,rpm,510,459,36.8,36.8,3925,496,0,309,0.3,1,COM7
2,362645,37,rpm,346,459,36.8,36.8,3925,496,0,309,0.3,1,COM7
2,362666,37,rpm,264,459,36.8,36.8,3925,496,0,309,0.3,1,COM7
2,362687,37,rpm,-399,459,36.8,36.8,3925,496,0,309,0.3,1,COM7
2,362708,37,rpm,41,459,36.8,36.8,3925,496,0,310,0.3,1,COM7
2,362728,37,rpm,286,459,36.8,36.8,3925,496,0,310,0.3,1,COM7
2,362749,37,rpm,739,459,36.8,36.8,3925,496,0,310,0.301,1,COM7
2,362770,37,rpm,826,459,36.8,36.8,3925,496,0,310,0.301,1,COM7
2,362790,37,rpm,840,459,36.8,36.8,3925,496,0,310,0.301,1,COM7
2,362811,37,rpm,725,459,36.8,36.8,3925,496,0,310,0.301,1,COM7
2,362832,37,rpm,666,459,36.8,36.8,3925,496,0,311,0.301,1,COM7
2,362853,37,rpm,627,459,36.8,36.8,3925,496,0,311,0.301,1,COM7
2,362873,37,rpm,489,459,36.8,36.8,3925,496,0,311,0.302,1,COM7
2,362894,37,rpm,410,459,36.8,36.8,3925,496,0,311,0.302,1,COM7
2,362915,37,rpm,311,459,36.8,36.8,3925,496,0,311,0.302,1,COM7
2,362936,37,rpm,-212,459,36.8,36.8,3925,496,0,311,0.302,1,COM7
2,362956,37,rpm,-109,459,36.8,36.8,3925,496,0,312,0.302,1,COM7
2,362977,37,rpm,197,459,36.8,36.8,3925,496,0,312,0.302,1,COM7
2,362998,37,rpm,691,459,36.8,36.8,3925,496,0,312,0.302,1,COM7
2,363018,37,rpm,701,459,36.8,36.8,3925,496,0,312,0.303,1,COM7
2,363039,37,rpm,1008,459,36.8,36.8,3925,496,0,312,0.303,1,COM7
2,363060,37,rpm,834,459,36.8,36.8,3925,496,0,312,0.303,1,COM7
2,363081,37,rpm,602,459,36.8,36.8,3925,496,0,312,0.303,1,COM7
2,363101,37,rpm,647,459,36.8,36.8,3925,496,0,313,0.303,1,COM7
2,363122,37,rpm,576,459,36.8,36.8,3925,496,0,313,0.303,1,COM7
2,363143,37,rpm,370,459,36.8,36.8,3925,496,0,313,0.304,1,COM7
2,363164,37,rpm,289,459,36.8,36.8,3925,496,0,313,0.304,1,COM7
2,363184,37,rpm,-127,459,36.8,36.8,3925,496,0,313,0.304,1,COM7
2,363205,37,rpm,-177,459,36.8,36.8,3925,496,0,313,0.304,1,COM7
2,363226,37,rpm,140,459,36.8,36.8,3925,496,0,314,0.304,1,COM7
2,363246,37,rpm,685,459,36.8,36.8,3925,496,0,314,0.304,1,COM7
2,363267,37,rpm,770,459,36.8,36.8,3925,496,0,314,0.304,1,COM7
2,363288,37,rpm,823,459,36.8,36.8,3925,496,0,314,0.305,1,COM7
2,363309,37,rpm,808,459,36.8,36.8,3925,496,0,314,0.305,1,COM7
2,363329,37,rpm,700,459,36.8,36.8,3925,496,0,314,0.305,1,COM7
2,363350,37,rpm,637,459,36.8,36.8,3925,496,0,315,0.305,1,COM7
2,363371,37,rpm,528,459,36.8,36.8,3925,496,0,315,0.305,1,COM7
2,363392,37,rpm,471,459,36.8,36.8,3925,496,0,315,0.305,1,COM7
2,363412,37,rpm,348,459,36.8,36.8,3925,496,0,315,0.306,1,COM7
2,363433,37,rpm,167,459,36.8,36.8,3925,496,0,315,0.306,1,COM7
2,363454,37,rpm,-381,459,36.8,36.8,3925,496,0,315,0.306,1,COM7
2,363475,37,rpm,88,459,36.8,36.8,3925,496,0,315,0.306,1,COM7
2,363495,37,rpm,472,459,36.8,36.8,3925,496,0,316,0.306,1,COM7
2,363516,37,rpm,660,459,36.8,36.8,3925,496,0,316,0.306,1,COM7
2,363537,37,rpm,874,459,36.8,36.8,3925,496,0,316,0.306,1,COM7
2,363558,37,rpm,869,459,36.8,36.8,3925,496,0,316,0.307,1,COM7
2,363578,37,rpm,644,459,36.8,36.8,3925,496,0,316,0.307,1,COM7
2,363599,37,rpm,605,459,36.8,36.8,3925,496,0,316,0.307,1,COM7
2,363620,37,rpm,640,459,36.8,36.8,3925,496,0,317,0.307,1,COM7
2,363640,37,rpm,489,459,36.8,36.8,3925,496,0,317,0.307,1,COM7
2,363661,37,rpm,338,459,36.8,36.8,3925,496,0,317,0.307,1,COM7
2,363682,37,rpm,298,459,36.8,36.8,3925,496,0,317,0.308,1,COM7
2,363703,37,rpm,-360,459,36.8,36.8,3925,496,0,317,0.308,1,COM7
2,363723,37,rpm,8,459,36.8,36.8,3925,496,0,317,0.308,1,COM7
2,363744,37,rpm,256,459,36.8,36.8,3925,496,0,318,0.308,1,COM7
2,363765,37,rpm,736,459,36.8,36.8,3925,496,0,318,0.308,1,COM7
2,363785,37,rpm,663,459,36.8,36.8,3925,496,0,318,0.308,1,COM7
2,363806,37,rpm,938,459,36.8,36.8,3925,496,0,318,0.308,1,COM7
2,363827,37,rpm,814,459,36.8,36.8,3925,496,0,318,0.309,1,COM7
2,363847,37,rpm,614,459,36.8,36.8,3925,496,0,318,0.309,1,COM7
2,363868,37,rpm,609,459,36.8,36.8,3925,496,0,318,0.309,1,COM7
2,363889,37,rpm,588,459,36.8,36.8,3925,496,0,319,0.309,1,COM7
2,363910,37,rpm,413,459,36.8,36.8,3925,496,0,319,0.309,1,COM7
2,363930,37,rpm,311,459,36.8,36.8,3925,496,0,319,0.309,1,COM7
2,363951,37,rpm,-25,459,36.8,36.8,3925,496,0,319,0.31,1,COM7
2,363972,37,rpm,-262,459,36.8,36.8,3925,496,0,319,0.31,1,COM7
2,363993,37,rpm,121,459,36.8,36.8,3925,496,0,319,0.31,1,COM7
2,364013,37,rpm,606,459,36.8,36.8,3925,496,0,320,0.31,1,COM7
2,364034,37,rpm,765,459,36.8,36.8,3925,496,0,320,0.31,1,COM7
2,364055,37,rpm,845,459,36.8,36.8,3925,496,0,320,0.31,1,COM7
2,364075,37,rpm,787,459,36.8,36.8,3925,496,0,320,0.31,1,COM7
2,364096,37,rpm,696,459,36.8,36.8,3925,496,0,320,0.311,1,COM7
2,364117,37,rpm,632,459,36.8,36.8,3925,496,0,320,0.311,1,COM7
2,364138,37,rpm,556,459,36.8,36.8,3925,496,0,321,0.311,1,COM7
2,364158,37,rpm,468,459,36.8,36.8,3925,496,0,321,0.311,1,COM7
2,364179,37,rpm,363,459,36.8,36.8,3925,496,0,321,0.311,1,COM7
2,364200,37,rpm,223,459,36.8,36.8,3925,496,0,321,0.311,1,COM7
2,364220,37,rpm,-439,459,36.8,36.8,3925,496,0,321,0.312,1,COM7
2,364241,37,rpm,63,459,36.8,36.8,3925,496,0,321,0.312,1,COM7
2,364262,37,rpm,418,459,36.8,36.8,3925,496,0,322,0.312,1,COM7
2,364283,37,rpm,657,459,36.8,36.8,3925,496,0,322,0.312,1,COM7
2,364303,37,rpm,836,459,36.8,36.8,3925,496,0,322,0.312,1,COM7
2,364324,37,rpm,923,459,36.8,36.8,3925,496,0,322,0.312,1,COM7
2,364345,37,rpm,704,459,36.8,36.8,3925,496,0,322,0.312,1,COM7
2,364366,37,rpm,554,459,36.8,36.8,3925,496,0,322,0.313,1,COM7
2,364386,37,rpm,654,459,36.8,36.8,3925,496,0,322,0.313,1,COM7
2,364407,37,rpm,548,459,36.8,36.8,3925,496,0,323,0.313,1,COM7
2,364428,37,rpm,330,459,36.8,36.8,3925,496,0,323,0.313,1,COM7
2,364448,37,rpm,299,459,36.8,36.8,3925,496,0,323,0.313,1,COM7
2,364469,37,rpm,-335,459,36.8,36.8,3925,496,0,323,0.313,1,COM7
2,364490,37,rpm,-2,459,36.8,36.8,3925,496,0,323,0.314,1,COM7
2,364511,37,rpm,228,459,36.8,36.8,3925,496,0,323,0.314,1,COM7
2,364531,37,rpm,760,459,36.8,36.8,3925,496,0,324,0.314,1,COM7
2,364552,37,rpm,845,459,36.8,36.8,3925,496,0,324,0.314,1,COM7
2,364573,37,rpm,792,459,36.8,36.8,3925,496,0,324,0.314,1,COM7
2,364594,37,rpm,858,459,36.8,36.8,3925,496,0,324,0.314,1,COM7
2,364614,37,rpm,665,459,36.8,36.8,3925,496,0,324,0.314,1,COM7
2,364635,37,rpm,610,459,36.8,36.8,3925,496,0,324,0.315,1,COM7
2,364656,37,rpm,486,459,36.8,36.8,3925,496,0,325,0.315,1,COM7
2,364676,37,rpm,403,459,36.8,36.8,3925,496,0,325,0.315,1,COM7
2,364697,37,rpm,276,459,36.8,36.8,3925,496,0,325,0.315,1,COM7
2,364718,37,rpm,-267,459,36.8,36.8,3925,496,0,325,0.315,1,COM7
2,364739,37,rpm,-51,459,36.8,36.8,3925,496,0,325,0.315,1,COM7
2,364759,37,rpm,222,459,36.8,36.8,3925,496,0,325,0.316,1,COM7
2,364780,37,rpm,673,459,36.8,36.8,3925,496,0,325,0.316,1,COM7
2,364801,37,rpm,751,459,36.8,36.8,3925,496,0,326,0.316,1,COM7
2,364822,37,rpm,920,459,36.8,36.8,3925,496,0,326,0.316,1,COM7
2,364842,37,rpm,764,459,36.8,36.8,3925,496,0,326,0.316,1,COM7
2,364863,37,rpm,610,459,36.8,36.8,3925,496,0,326,0.316,1,COM7
2,364884,37,rpm,631,459,36.8,36.8,3925,496,0,326,0.316,1,COM7
2,364905,37,rpm,578,459,36.8,36.8,3925,496,0,326,0.317,1,COM7
2,364925,37,rpm,402,459,36.8,36.8,3925,496,0,327,0.317,1,COM7
2,364946,37,rpm,314,459,36.8,36.8,3925,496,0,327,0.317,1,COM7
2,364967,37,rpm,-6,459,36.8,36.8,3925,496,0,327,0.317,1,COM7
2,364987,37,rpm,-251,459,36.8,36.8,3925,496,0,327,0.317,1,COM7
2,365008,37,rpm,103,459,36.8,36.8,3925,496,0,327,0.317,1,COM7
2,365029,37,rpm,611,459,36.8,36.8,3925,496,0,327,0.318,1,COM7
2,365050,37,rpm,742,459,36.8,36.8,3925,496,0,328,0.318,1,COM7
2,365070,37,rpm,747,459,36.8,36.8,3925,496,0,328,0.318,1,COM7
2,365091,37,rpm,891,459,36.8,36.8,3925,496,0,328,0.318,1,COM7
2,365112,37,rpm,743,459,36.8,36.8,3925,496,0,328,0.318,1,COM7
2,365133,37,rpm,552,459,36.8,36.8,3925,496,0,328,0.318,1,COM7
2,365153,37,rpm,579,459,36.8,36.8,3925,496,0,328,0.318,1,COM7
2,365174,37,rpm,523,459,36.8,36.8,3925,496,0,328,0.319,1,COM7
2,365195,37,rpm,344,459,36.8,36.8,3925,496,0,329,0.319,1,COM7
2,365215,37,rpm,255,459,36.8,36.8,3925,496,0,329,0.319,1,COM7
2,365236,37,rpm,-406,459,36.8,36.8,3925,496,0,329,0.319,1,COM7
2,365257,37,rpm,48,459,36.8,36.8,3925,496,0,329,0.319,1,COM7
2,365278,37,rpm,304,459,36.8,36.8,3925,496,0,329,0.319,1,COM7
2,365298,37,rpm,724,459,36.8,36.8,3925,496,0,329,0.32,1,COM7
2,365319,37,rpm,816,459,36.8,36.8,3925,496,0,330,0.32,1,COM7
2,365340,37,rpm,857,459,36.8,36.8,3925,496,0,330,0.32,1,COM7
2,365360,37,rpm,738,459,36.8,36.8,3925,496,0,330,0.32,1,COM7
2,365381,37,rpm,647,459,36.8,36.8,3925,496,0,330,0.32,1,COM7
2,365402,37,rpm,622,459,36.8,36.8,3925,496,0,330,0.32,1,COM7
2,365423,37,rpm,541,459,36.8,36.8,3925,496,0,330,0.32,1,COM7
2,365443,37,rpm,381,459,36.8,36.8,3925,496,0,331,0.321,1,COM7
2,365464,37,rpm,320,459,36.8,36.8,3925,496,0,331,0.321,1,COM7
2,365485,37,rpm,-177,459,36.8,36.8,3925,496,0,331,0.321,1,COM7
2,365505,37,rpm,-151,459,36.8,36.8,3925,496,0,331,0.321,1,COM7
2,365526,37,rpm,185,459,36.8,36.8,3925,496,0,331,0.321,1,COM7
2,365547,37,rpm,683,459,36.8,36.8,3925,496,0,331,0.321,1,COM7
2,365568,37,rpm,699,459,36.8,36.8,3925,496,0,331,0.322,1,COM7
2,365588,37,rpm,862,459,36.8,36.8,3925,496,0,332,0.322,1,COM7
2,365609,37,rpm,865,459,36.8,36.8,3925,496,0,332,0.322,1,COM7
2,365630,37,rpm,625,459,36.8,36.8,3925,496,0,332,0.322,1,COM7
2,365651,37,rpm,579,459,36.8,36.8,3925,496,0,332,0.322,1,COM7
2,365671,37,rpm,622,459,36.8,36.8,3925,496,0,332,0.322,1,COM7
2,365692,37,rpm,456,459,36.8,36.8,3925,496,0,332,0.322,1,COM7
2,365713,37,rpm,310,459,36.8,36.8,3925,496,0,333,0.323,1,COM7
2,365733,37,rpm,159,459,36.8,36.8,3925,496,0,333,0.323,1,COM7
2,365754,37,rpm,-400,459,36.8,36.8,3925,496,0,333,0.323,1,COM7
2,365775,37,rpm,78,459,36.8,36.8,3925,496,0,333,0.323,1,COM7
2,365796,37,rpm,461,459,36.8,36.8,3925,496,0,333,0.323,1,COM7
2,365816,37,rpm,811,459,36.8,36.8,3925,496,0,333,0.323,1,COM7
2,365837,37,rpm,778,459,36.8,36.8,3925,496,0,334,0.324,1,COM7
2,365858,37,rpm,826,459,36.8,36.8,3925,496,0,334,0.324,1,COM7
2,365879,37,rpm,765,459,36.8,36.8,3925,496,0,334,0.324,1,COM7
2,365899,37,rpm,612,459,36.8,36.8,3925,496,0,334,0.324,1,COM7
2,365920,37,rpm,564,459,36.8,36.8,3925,496,0,334,0.324,1,COM7
2,365941,37,rpm,532,459,36.8,36.8,3925,496,0,334,0.324,1,COM7
2,365961,37,rpm,367,459,36.8,36.8,3925,496,0,334,0.324,1,COM7
2,365982,37,rpm,256,459,36.8,36.8,3925,496,0,335,0.325,1,COM7
2,366003,37,rpm,-393,459,36.8,36.8,3925,496,0,335,0.325,1,COM7
2,366024,37,rpm,51,459,36.8,36.8,3925,496,0,335,0.325,1,COM7
2,366044,37,rpm,346,459,36.8,36.8,3925,496,0,335,0.325,1,COM7
2,366065,37,rpm,683,459,36.8,36.8,3925,496,0,335,0.325,1,COM7
2,366086,37,rpm,856,459,36.8,36.8,3925,496,0,335,0.325,1,COM7
2,366106,37,rpm,940,459,36.8,36.8,3925,496,0,336,0.326,1,COM7
2,366127,37,rpm,731,459,36.8,36.8,3925,496,0,336,0.326,1,COM7
2,366148,37,rpm,648,459,36.8,36.8,3925,496,0,336,0.326,1,COM7
2,366169,37,rpm,648,459,36.8,36.8,3925,496,0,336,0.326,1,COM7
2,366190,37,rpm,523,459,36.8,36.8,3925,496,0,336,0.326,1,COM7
2,366210,37,rpm,331,459,36.8,36.8,3925,496,0,336,0.326,1,COM7
2,366231,37,rpm,271,459,36.8,36.8,3925,496,0,337,0.326,1,COM7
2,366252,37,rpm,-370,459,36.8,36.8,3925,496,0,337,0.327,1,COM7
2,366272,37,rpm,17,459,36.8,36.8,3925,496,0,337,0.327,1,COM7
2,366293,37,rpm,267,459,36.8,36.8,3925,496,0,337,0.327,1,COM7
2,366314,37,rpm,752,459,36.8,36.8,3925,496,0,337,0.327,1,COM7
2,366335,37,rpm,850,459,36.8,36.8,3925,496,0,337,0.327,1,COM7
2,366355,37,rpm,725,459,36.8,36.8,3925,496,0,338,0.327,1,COM7
2,366376,37,rpm,834,459,36.8,36.8,3925,496,0,338,0.328,1,COM7
2,366397,37,rpm,662,459,36.8,36.8,3925,496,0,338,0.328,1,COM7
2,366418,37,rpm,523,459,36.8,36.8,3925,496,0,338,0.328,1,COM7
2,366438,37,rpm,566,459,36.8,36.8,3925,496,0,338,0.328,1,COM7
2,366459,37,rpm,439,459,36.8,36.8,3925,496,0,338,0.328,1,COM7
2,366480,37,rpm,280,459,36.8,36.8,3925,496,0,338,0.328,1,COM7
2,366500,37,rpm,-145,459,36.8,36.8,3925,496,0,339,0.328,1,COM7
2,366521,37,rpm,-152,459,36.8,36.8,3925,496,0,339,0.329,1,COM7
2,366542,37,rpm,160,459,36.8,36.8,3925,496,0,339,0.329,1,COM7
2,366563,37,rpm,615,459,36.8,36.8,3925,496,0,339,0.329,1,COM7
2,366584,37,rpm,778,459,36.8,36.8,3925,496,0,339,0.329,1,COM7
2,366604,37,rpm,895,459,36.8,36.8,3925,496,0,339,0.329,1,COM7
2,366625,37,rpm,749,459,36.8,36.8,3925,496,0,340,0.329,1,COM7
2,366646,37,rpm,689,459,36.8,36.8,3925,496,0,340,0.33,1,COM7
2,366667,37,rpm,625,459,36.8,36.8,3925,496,0,340,0.33,1,COM7
2,366687,37,rpm,550,459,36.8,36.8,3925,496,0,340,0.33,1,COM7
2,366708,37,rpm,439,459,36.8,36.8,3925,496,0,340,0.33,1,COM7
2,366729,37,rpm,334,459,36.8,36.8,3925,496,0,340,0.33,1,COM7
2,366749,37,rpm,209,459,36.8,36.8,3925,496,0,341,0.33,1,COM7
2,366770,37,rpm,-411,459,36.8,36.8,3925,496,0,341,0.33,1,COM7
2,366791,37,rpm,68,459,36.8,36.8,3925,496,0,341,0.331,1,COM7
2,366812,37,rpm,452,459,36.8,36.8,3925,496,0,341,0.331,1,COM7
2,366832,37,rpm,705,459,36.8,36.8,3925,496,0,341,0.331,1,COM7
2,366853,37,rpm,765,459,36.8,36.8,3925,496,0,341,0.331,1,COM7
2,366874,37,rpm,894,459,36.8,36.8,3925,496,0,341,0.331,1,COM7
2,366894,37,rpm,757,459,36.8,36.8,3925,496,0,342,0.331,1,COM7
2,366915,37,rpm,563,459,36.8,36.8,3925,496,0,342,0.332,1,COM7
2,366936,37,rpm,609,459,36.8,36.8,3925,496,0,342,0.332,1,COM7
2,366957,37,rpm,555,459,36.8,36.8,3925,496,0,342,0.332,1,COM7
2,366977,37,rpm,375,459,36.8,36.8,3925,496,0,342,0.332,1,COM7
2,366998,37,rpm,270,459,36.8,36.8,3925,496,0,342,0.332,1,COM7
2,367019,37,rpm,-312,459,36.8,36.8,3925,496,0,343,0.332,1,COM7
2,367040,37,rpm,-35,459,36.8,36.8,3925,496,0,343,0.332,1,COM7
2,367060,37,rpm,192,459,36.8,36.8,3925,496,0,343,0.333,1,COM7
2,367081,37,rpm,725,459,36.8,36.8,3925,496,0,343,0.333,1,COM7
2,367102,37,rpm,843,459,36.8,36.8,3925,496,0,343,0.333,1,COM7
2,367122,37,rpm,759,459,36.8,36.8,3925,496,0,343,0.333,1,COM7
2,367143,37,rpm,771,459,36.8,36.8,3925,496,0,344,0.333,1,COM7
2,367164,37,rpm,709,459,36.8,36.8,3925,496,0,344,0.333,1,COM7
2,367185,37,rpm,597,459,36.8,36.8,3925,496,0,344,0.334,1,COM7
2,367205,37,rpm,522,459,36.8,36.8,3925,496,0,344,0.334,1,COM7
2,367226,37,rpm,466,459,36.8,36.8,3925,496,0,344,0.334,1,COM7
2,367247,37,rpm,314,459,36.8,36.8,3925,496,0,344,0.334,1,COM7
2,367267,37,rpm,38,459,36.8,36.8,3925,496,0,344,0.334,1,COM7
2,367288,37,rpm,-304,459,36.8,36.8,3925,496,0,345,0.334,1,COM7
2,367309,37,rpm,120,459,36.8,36.8,3925,496,0,345,0.334,1,COM7
2,367330,37,rpm,558,459,36.8,36.8,3925,496,0,345,0.335,1,COM7
2,367350,37,rpm,743,459,36.8,36.8,3925,496,0,345,0.335,1,COM7
2,367371,37,rpm,861,459,36.8,36.8,3925,496,0,345,0.335,1,COM7
2,367392,37,rpm,812,459,36.8,36.8,3925,496,0,345,0.335,1,COM7
2,367412,37,rpm,650,459,36.8,36.8,3925,496,0,346,0.335,1,COM7
2,367433,37,rpm,602,459,36.8,36.8,3925,496,0,346,0.335,1,COM7
2,367454,37,rpm,646,459,36.8,36.8,3925,496,0,346,0.336,1,COM7
2,367475,37,rpm,457,459,36.8,36.8,3925,496,0,346,0.336,1,COM7
2,367495,37,rpm,344,459,36.8,36.8,3925,496,0,346,0.336,1,COM7
2,367516,37,rpm,223,459,36.8,36.8,3925,496,0,346,0.336,1,COM7
2,367537,37,rpm,-404,459,36.8,36.8,3925,496,0,347,0.336,1,COM7
2,367557,37,rpm,64,459,36.8,36.8,3925,496,0,347,0.336,1,COM7
2,367578,37,rpm,421,459,36.8,36.8,3925,496,0,347,0.336,1,COM7
2,367599,37,rpm,767,459,36.8,36.8,3925,496,0,347,0.337,1,COM7
2,367620,37,rpm,858,459,36.8,36.8,3925,496,0,347,0.337,1,COM7
2,367640,37,rpm,798,459,36.8,36.8,3925,496,0,347,0.337,1,COM7
2,367661,37,rpm,778,459,36.8,36.8,3925,496,0,347,0.337,1,COM7
2,367682,37,rpm,650,459,36.8,36.8,3925,496,0,348,0.337,1,COM7
2,367702,37,rpm,552,459,36.8,36.8,3925,496,0,348,0.337,1,COM7
2,367723,37,rpm,504,459,36.8,36.8,3925,496,0,348,0.338,1,COM7
2,367744,37,rpm,370,459,36.8,36.8,3925,496,0,348,0.338,1,COM7
2,367765,37,rpm,208,459,36.8,36.8,3925,496,0,348,0.338,1,COM7
2,367785,37,rpm,-422,459,36.8,36.8,3925,496,0,348,0.338,1,COM7
2,367806,37,rpm,65,459,36.8,36.8,3925,496,0,349,0.338,1,COM7
2,367827,37,rpm,343,459,36.8,36.8,3925,496,0,349,0.338,1,COM7
2,367847,37,rpm,694,459,36.8,36.8,3925,496,0,349,0.338,1,COM7
2,367868,37,rpm,948,459,36.8,36.8,3925,496,0,349,0.339,1,COM7
2,367889,37,rpm,803,459,36.8,36.8,3925,496,0,349,0.339,1,COM7
2,367910,37,rpm,669,459,36.8,36.8,3925,496,0,349,0.339,1,COM7
2,367930,37,rpm,676,459,36.8,36.8,3925,496,0,350,0.339,1,COM7
2,367951,37,rpm,616,459,36.8,36.8,3925,496,0,350,0.339,1,COM7
2,367972,37,rpm,501,459,36.8,36.8,3925,496,0,350,0.339,1,COM7
2,367993,37,rpm,382,459,36.8,36.8,3925,496,0,350,0.34,1,COM7
2,368013,37,rpm,304,459,36.8,36.8,3925,496,0,350,0.34,1,COM7
2,368034,37,rpm,-203,459,36.8,36.8,3925,496,0,350,0.34,1,COM7
2,368055,37,rpm,-85,459,36.8,36.8,3925,496,0,351,0.34,1,COM7
2,368076,37,rpm,181,459,36.8,36.8,3925,496,0,351,0.34,1,COM7
2,368096,37,rpm,699,459,36.8,36.8,3925,496,0,351,0.34,1,COM7
2,368117,37,rpm,735,459,36.8,36.8,3925,496,0,351,0.34,1,COM7
2,368138,37,rpm,851,459,36.8,36.8,3925,496,0,351,0.341,1,COM7
2,368159,37,rpm,821,459,36.8,36.8,3925,496,0,351,0.341,1,COM7
2,368179,37,rpm,679,459,36.8,36.8,3925,496,0,351,0.341,1,COM7
2,368200,37,rpm,567,459,36.8,36.8,3925,496,0,352,0.341,1,COM7
2,368221,37,rpm,562,459,36.8,36.8,3925,496,0,352,0.341,1,COM7
2,368242,37,rpm,471,459,36.8,36.8,3925,496,0,352,0.341,1,COM7
2,368262,37,rpm,308,459,36.8,36.8,3925,496,0,352,0.342,1,COM7
2,368283,37,rpm,110,459,36.8,36.8,3925,496,0,352,0.342,1,COM7
2,368304,37,rpm,-348,459,36.8,36.8,3925,496,0,352,0.342,1,COM7
2,368324,37,rpm,92,458,36.8,36.8,3925,496,0,353,0.342,1,COM7
2,368345,37,rpm,475,458,36.8,36.8,3925,496,0,353,0.342,1,COM7
2,368366,37,rpm,767,458,36.8,36.8,3925,496,0,353,0.342,1,COM7
2,368387,37,rpm,941,458,36.8,36.8,3925,496,0,353,0.342,1,COM7
2,368407,37,rpm,691,458,36.8,36.8,3925,496,0,353,0.343,1,COM7
2,368428,37,rpm,723,458,36.8,36.8,3925,496,0,353,0.343,1,COM7
2,368449,37,rpm,721,458,36.8,36.8,3925,496,0,354,0.343,1,COM7
2,368470,37,rpm,544,458,36.8,36.8,3925,496,0,354,0.343,1,COM7
2,368490,37,rpm,499,458,36.8,36.8,3925,496,0,354,0.343,1,COM7
2,368511,37,rpm,399,458,36.8,36.8,3925,496,0,354,0.343,1,COM7
2,368532,37,rpm,242,458,36.8,36.8,3925,496,0,354,0.344,1,COM7
2,368553,37,rpm,-387,458,36.8,36.8,3925,496,0,354,0.344,1,COM7
2,368573,37,rpm,40,458,36.8,36.8,3925,496,0,354,0.344,1,COM7
2,368594,37,rpm,328,458,36.8,36.8,3925,496,0,355,0.344,1,COM7
2,368615,37,rpm,667,458,36.8,36.8,3925,496,0,355,0.344,1,COM7
2,368635,37,rpm,801,458,36.8,36.8,3925,496,0,355,0.344,1,COM7
2,368656,37,rpm,917,458,36.8,36.8,3925,496,0,355,0.344,1,COM7
2,368677,37,rpm,715,458,36.8,36.8,3925,496,0,355,0.345,1,COM7
2,368698,37,rpm,624,458,36.8,36.8,3925,496,0,355,0.345,1,COM7
2,368718,37,rpm,599,458,36.8,36.8,3925,496,0,356,0.345,1,COM7
2,368739,37,rpm,589,458,36.8,36.8,3925,496,0,356,0.345,1,COM7
2,368760,37,rpm,396,458,36.8,36.8,3925,496,0,356,0.345,1,COM7
2,368781,37,rpm,290,458,36.8,36.8,3925,496,0,356,0.345,1,COM7
2,368801,37,rpm,-120,458,36.8,36.8,3925,496,0,356,0.346,1,COM7
2,368822,37,rpm,-203,458,36.8,36.8,3925,496,0,356,0.346,1,COM7
2,368843,37,rpm,126,458,36.8,36.8,3925,496,0,357,0.346,1,COM7
2,368864,37,rpm,639,458,36.8,36.8,3925,496,0,357,0.346,1,COM7
2,368884,37,rpm,778,458,36.8,36.8,3925,496,0,357,0.346,1,COM7
2,368905,37,rpm,812,458,36.8,36.8,3925,496,0,357,0.346,1,COM7
2,368926,37,rpm,786,458,36.8,36.8,3925,496,0,357,0.346,1,COM7
2,368946,37,rpm,718,458,36.8,36.8,3925,496,0,357,0.347,1,COM7
2,368967,37,rpm,620,458,36.8,36.8,3925,496,0,357,0.347,1,COM7
2,368988,37,rpm,501,458,36.8,36.8,3925,496,0,358,0.347,1,COM7
2,369009,37,rpm,510,458,36.8,36.8,3925,496,0,358,0.347,1,COM7
2,369029,37,rpm,337,458,36.8,36.8,3925,496,0,358,0.347,1,COM7
2,369050,37,rpm,117,458,36.8,36.8,3925,496,0,358,0.347,1,COM7
2,369071,37,rpm,-380,458,36.8,36.8,3925,496,0,358,0.348,1,COM7
2,369092,37,rpm,113,458,36.8,36.8,3925,496,0,358,0.348,1,COM7
2,369113,37,rpm,559,458,36.8,36.8,3925,496,0,359,0.348,1,COM7
2,369133,37,rpm,675,458,36.8,36.8,3925,496,0,359,0.348,1,COM7
2,369154,37,rpm,999,458,36.8,36.8,3925,496,0,359,0.348,1,COM7
2,369175,37,rpm,829,458,36.8,36.8,3925,496,0,359,0.348,1,COM7
2,369195,37,rpm,646,458,36.8,36.8,3925,496,0,359,0.348,1,COM7
2,369216,37,rpm,686,458,36.8,36.8,3925,496,0,359,0.349,1,COM7
2,369237,37,rpm,554,458,36.8,36.8,3925,496,0,360,0.349,1,COM7
2,369258,37,rpm,459,458,36.8,36.8,3925,496,0,360,0.349,1,COM7
2,369278,37,rpm,318,458,36.8,36.8,3925,496,0,360,0.349,1,COM7
2,369299,37,rpm,157,458,36.8,36.8,3925,496,0,360,0.349,1,COM7
2,369320,37,rpm,-379,458,36.8,36.8,3925,496,0,360,0.349,1,COM7
2,369341,37,rpm,85,458,36.8,36.8,3925,496,0,360,0.35,1,COM7
2,369361,37,rpm,509,458,36.8,36.8,3925,496,0,360,0.35,1,COM7
2,369382,37,rpm,768,458,36.8,36.8,3925,496,0,361,0.35,1,COM7
2,369403,37,rpm,825,458,36.8,36.8,3925,496,0,361,0.35,1,COM7
2,369424,37,rpm,803,458,36.8,36.8,3925,496,0,361,0.35,1,COM7
2,369444,37,rpm,742,458,36.8,36.8,3925,496,0,361,0.35,1,COM7
2,369465,37,rpm,652,458,36.8,36.8,3925,496,0,361,0.35,1,COM7
2,369486,37,rpm,537,458,36.8,36.8,3925,496,0,361,0.351,1,COM7
2,369507,37,rpm,532,458,36.8,36.8,3925,496,0,362,0.351,1,COM7
2,369527,37,rpm,382,458,36.8,36.8,3925,496,0,362,0.351,1,COM7
2,369548,37,rpm,252,458,36.8,36.8,3925,496,0,362,0.351,1,COM7
2,369569,37,rpm,-362,458,36.8,36.8,3925,496,0,362,0.351,1,COM7
2,369590,37,rpm,15,458,36.8,36.8,3925,496,0,362,0.351,1,COM7
2,369610,37,rpm,285,458,36.8,36.8,3925,496,0,362,0.352,1,COM7
2,369631,37,rpm,627,458,36.8,36.8,3925,496,0,363,0.352,1,COM7
2,369652,37,rpm,859,458,36.8,36.8,3925,496,0,363,0.352,1,COM7
2,369673,37,rpm,914,458,36.8,36.8,3925,496,0,363,0.352,1,COM7
2,369693,37,rpm,651,458,36.8,36.8,3925,496,0,363,0.352,1,COM7
2,369714,37,rpm,674,458,36.8,36.8,3925,496,0,363,0.352,1,COM7
2,369735,37,rpm,661,458,36.8,36.8,3925,496,0,363,0.352,1,COM7
2,369756,37,rpm,499,458,36.8,36.8,3925,496,0,363,0.353,1,COM7
2,369776,37,rpm,392,458,36.8,36.8,3925,496,0,364,0.353,1,COM7
2,369797,37,rpm,337,458,36.8,36.8,3925,496,0,364,0.353,1,COM7
2,369818,37,rpm,-74,458,36.8,36.8,3925,496,0,364,0.353,1,COM7
2,369839,37,rpm,-218,458,36.8,36.8,3925,496,0,364,0.353,1,COM7
2,369859,37,rpm,135,458,36.8,36.8,3925,496,0,364,0.353,1,COM7
2,369880,37,rpm,632,458,36.8,36.8,3925,496,0,364,0.354,1,COM7
2,369901,37,rpm,689,458,36.8,36.8,3925,496,0,365,0.354,1,COM7
2,369922,37,rpm,875,458,36.8,36.8,3925,496,0,365,0.354,1,COM7
2,369942,37,rpm,809,458,36.8,36.8,3925,496,0,365,0.354,1,COM7
2,369963,37,rpm,724,458,36.8,36.8,3925,496,0,365,0.354,1,COM7
2,369984,37,rpm,603,458,36.8,36.8,3925,496,0,365,0.354,1,COM7
2,370005,37,rpm,598,458,36.8,36.8,3925,496,0,365,0.354,1,COM7
2,370025,37,rpm,486,458,36.8,36.8,3925,496,0,366,0.355,1,COM7
2,370046,37,rpm,350,458,36.8,36.8,3925,496,0,366,0.355,1,COM7
2,370067,37,rpm,196,458,36.8,36.8,3925,496,0,366,0.355,1,COM7
2,370088,37,rpm,-416,458,36.8,36.8,3925,496,0,366,0.355,1,COM7
2,370108,37,rpm,79,458,36.8,36.8,3925,496,0,366,0.355,1,COM7
2,370129,37,rpm,402,458,36.8,36.8,3925,496,0,366,0.355,1,COM7
2,370150,37,rpm,707,458,36.8,36.8,3925,496,0,367,0.356,1,COM7
2,370170,37,rpm,883,458,36.8,36.8,3925,496,0,367,0.356,1,COM7
2,370191,37,rpm,842,458,36.8,36.8,3925,496,0,367,0.356,1,COM7
2,370212,37,rpm,650,458,36.8,36.8,3925,496,0,367,0.356,1,COM7
2,370233,37,rpm,710,458,36.8,36.8,3925,496,0,367,0.356,1,COM7
2,370253,37,rpm,633,458,36.8,36.8,3925,496,0,367,0.356,1,COM7
2,370274,37,rpm,471,458,36.8,36.8,3925,496,0,367,0.356,1,COM7
2,370295,37,rpm,387,458,36.8,36.8,3925,496,0,368,0.357,1,COM7
2,370315,37,rpm,289,458,36.8,36.8,3925,496,0,368,0.357,1,COM7
2,370336,37,rpm,-288,458,36.8,36.8,3925,496,0,368,0.357,1,COM7
2,370357,37,rpm,-60,458,36.8,36.8,3925,496,0,368,0.357,1,COM7
2,370378,37,rpm,243,458,36.8,36.8,3925,496,0,368,0.357,1,COM7
2,370398,37,rpm,672,458,36.8,36.8,3925,496,0,368,0.357,1,COM7
2,370419,37,rpm,711,458,36.8,36.8,3925,496,0,369,0.358,1,COM7
2,370440,37,rpm,1024,458,36.8,36.8,3925,496,0,369,0.358,1,COM7
2,370460,37,rpm,713,458,36.8,36.8,3925,496,0,369,0.358,1,COM7
2,370481,37,rpm,621,458,36.8,36.8,3925,496,0,369,0.358,1,COM7
2,370502,37,rpm,644,458,36.8,36.8,3925,496,0,369,0.358,1,COM7
2,370523,37,rpm,571,458,36.8,36.8,3925,496,0,369,0.358,1,COM7
2,370544,37,rpm,414,458,36.8,36.8,3925,496,0,370,0.358,1,COM7
2,370564,37,rpm,314,458,36.8,36.8,3925,496,0,370,0.359,1,COM7
2,370585,37,rpm,-64,458,36.8,36.8,3925,496,0,370,0.359,1,COM7
2,370606,37,rpm,-210,458,36.8,36.8,3925,496,0,370,0.359,1,COM7
2,370627,37,rpm,154,458,36.8,36.8,3925,496,0,370,0.359,1,COM7
2,370647,37,rpm,617,458,36.8,36.8,3925,496,0,370,0.359,1,COM7
2,370668,37,rpm,815,458,36.8,36.8,3925,496,0,370,0.359,1,COM7
2,370689,37,rpm,908,458,36.8,36.8,3925,496,0,371,0.36,1,COM7
2,370710,37,rpm,763,458,36.8,36.8,3925,496,0,371,0.36,1,COM7
2,370730,37,rpm,743,458,36.8,36.8,3925,496,0,371,0.36,1,COM7
2,370751,37,rpm,660,458,36.8,36.8,3925,496,0,371,0.36,1,COM7
2,370772,37,rpm,523,458,36.8,36.8,3925,496,0,371,0.36,1,COM7
2,370793,37,rpm,421,458,36.8,36.8,3925,496,0,371,0.36,1,COM7
2,370813,37,rpm,332,458,36.8,36.8,3925,496,0,372,0.36,1,COM7
2,370834,37,rpm,1,458,36.8,36.8,3925,496,0,372,0.361,1,COM7
2,370855,37,rpm,-266,458,36.8,36.8,3925,496,0,372,0.361,1,COM7
2,370875,37,rpm,129,458,36.8,36.8,3925,496,0,372,0.361,1,COM7
2,370896,37,rpm,603,458,36.8,36.8,3925,496,0,372,0.361,1,COM7
2,370917,37,rpm,627,458,36.8,36.8,3925,496,0,372,0.361,1,COM7
2,370938,37,rpm,946,458,36.8,36.8,3925,496,0,373,0.361,1,COM7
2,370958,37,rpm,878,458,36.8,36.8,3925,496,0,373,0.361,1,COM7
2,370979,37,rpm,605,458,36.8,36.8,3925,496,0,373,0.362,1,COM7
2,371000,37,rpm,627,458,36.8,36.8,3925,496,0,373,0.362,1,COM7
2,371021,37,rpm,622,458,36.8,36.8,3925,496,0,373,0.362,1,COM7
2,371041,37,rpm,454,458,36.8,36.8,3925,496,0,373,0.362,1,COM7
2,371062,37,rpm,333,458,36.8,36.8,3925,496,0,373,0.362,1,COM7
